customer_id,age,gender,account_age_days,total_lifetime_orders,preferred_payment
CUST01310,40,M,103,30,Net Banking
CUST01150,22,M,1669,40,Net Banking
CUST00190,41,F,545,33,Amazon Pay
CUST01183,46,F,613,34,Credit Card
CUST00759,44,F,593,13,Debit Card
CUST01403,59,Other,1079,5,Cash on Delivery
CUST00543,58,Other,1215,28,Amazon Pay
CUST01286,35,M,1698,11,Net Banking
CUST00229,33,Other,1131,27,Debit Card
CUST01227,66,Other,179,45,UPI
CUST01205,54,M,218,9,UPI
CUST00498,39,M,1552,30,Cash on Delivery
CUST00510,61,Other,1199,19,Amazon Pay
CUST01985,48,Other,567,39,Debit Card
CUST00867,38,F,1566,41,UPI
CUST00117,44,M,737,35,Debit Card
CUST01915,21,M,1586,50,Credit Card
CUST00151,54,Other,699,5,Cash on Delivery
CUST01368,26,F,1528,37,Debit Card
CUST01408,30,F,762,4,UPI
CUST01519,50,F,643,6,Credit Card
CUST00431,35,M,282,13,UPI
CUST01643,37,M,986,28,UPI
CUST00049,38,M,969,49,Credit Card
CUST01797,36,M,1426,18,Amazon Pay
CUST00522,33,M,1605,49,UPI
CUST01428,64,Other,966,12,Net Banking
CUST00953,44,Other,772,23,Net Banking
CUST00051,56,F,1154,1,Cash on Delivery
CUST01595,63,F,349,17,Amazon Pay
CUST01946,27,Other,1224,24,Debit Card
CUST00481,21,M,1661,16,Amazon Pay
CUST00128,22,F,1770,33,Credit Card
CUST01103,60,F,1248,41,Cash on Delivery
CUST01275,18,M,731,35,Debit Card
CUST00692,47,Other,1551,22,UPI
CUST00409,55,Other,308,41,Net Banking
CUST01976,37,Other,677,10,Cash on Delivery
CUST01631,29,F,1550,25,Cash on Delivery
CUST01449,20,F,317,23,Credit Card
CUST01537,19,F,237,2,Cash on Delivery
CUST00176,36,M,1469,9,UPI
CUST01360,20,Other,675,49,Net Banking
CUST00647,19,M,1157,41,Debit Card
CUST00029,66,Other,637,30,UPI
CUST00378,57,F,442,5,Credit Card
CUST01143,66,M,427,2,Debit Card
CUST00492,41,F,143,10,Debit Card
CUST00146,70,Other,1546,41,Net Banking
CUST00900,62,Other,568,45,UPI
CUST00469,47,M,671,36,Credit Card
CUST00713,30,Other,674,35,Net Banking
CUST00663,21,F,1517,47,Debit Card
CUST00898,57,M,157,36,Cash on Delivery
CUST01940,46,Other,1120,44,UPI
CUST01888,51,Other,414,24,Credit Card
CUST01104,41,M,1248,6,UPI
CUST00791,18,F,1282,21,Amazon Pay
CUST01784,25,M,149,37,Cash on Delivery
CUST01265,44,M,1741,45,Amazon Pay
CUST00665,27,M,651,40,Net Banking
CUST01870,68,Other,1596,20,Amazon Pay
CUST01309,23,M,771,32,Debit Card
CUST01700,56,F,1215,26,Debit Card
CUST01389,60,F,84,47,Credit Card
CUST00412,22,M,1650,22,Net Banking
CUST01981,47,M,1622,12,Net Banking
CUST00222,63,F,633,10,Cash on Delivery
CUST00093,41,Other,890,26,Debit Card
CUST01342,69,F,1487,9,Credit Card
CUST00816,43,M,917,12,Amazon Pay
CUST00141,64,Other,136,38,Net Banking
CUST01354,53,Other,950,38,Net Banking
CUST00919,31,Other,204,39,Cash on Delivery
CUST01459,37,Other,1143,27,Credit Card
CUST00204,42,F,174,11,UPI
CUST00767,34,F,706,22,Cash on Delivery
CUST01790,68,Other,1227,48,Amazon Pay
CUST00236,59,Other,1718,23,Debit Card
CUST00013,18,M,1090,22,Amazon Pay
CUST01478,24,M,1716,44,Credit Card
CUST00707,54,M,1189,23,Credit Card
CUST01572,39,Other,1288,10,Cash on Delivery
CUST00814,65,Other,987,41,Cash on Delivery
CUST01642,35,F,68,46,Cash on Delivery
CUST01046,62,F,160,26,Net Banking
CUST00363,32,Other,1479,5,Debit Card
CUST01212,29,Other,1444,6,Credit Card
CUST00948,33,Other,1597,46,UPI
CUST01463,55,M,1717,49,Net Banking
CUST01617,61,M,1359,6,Amazon Pay
CUST01982,66,F,1519,4,Amazon Pay
CUST01948,32,M,1085,16,Amazon Pay
CUST00371,45,Other,1768,5,Debit Card
CUST00754,35,Other,1186,33,Debit Card
CUST01457,63,M,895,9,Cash on Delivery
CUST01906,27,F,316,28,Cash on Delivery
CUST01621,68,Other,279,24,Amazon Pay
CUST00228,55,Other,1478,23,Net Banking
CUST01472,46,M,331,43,UPI
CUST01302,52,M,1382,15,UPI
CUST01701,42,M,1272,19,Credit Card
CUST01912,22,Other,1666,37,Net Banking
CUST01833,33,M,1677,9,Amazon Pay
CUST00658,50,M,1580,22,Amazon Pay
CUST00563,31,F,913,22,Net Banking
CUST00785,42,Other,526,50,Credit Card
CUST01507,57,F,1314,42,Cash on Delivery
CUST00354,47,Other,998,32,UPI
CUST00485,25,F,33,33,Cash on Delivery
CUST00257,62,F,1529,34,UPI
CUST00623,40,M,1723,12,Cash on Delivery
CUST01030,31,F,277,24,Credit Card
CUST01266,67,Other,623,4,Amazon Pay
CUST00952,49,Other,1647,12,Amazon Pay
CUST00548,62,M,1696,40,Debit Card
CUST01055,61,Other,1042,42,Debit Card
CUST00586,68,M,615,21,Amazon Pay
CUST00792,38,F,948,33,Cash on Delivery
CUST01234,27,Other,1626,24,Debit Card
CUST00333,28,M,462,29,Net Banking
CUST01632,23,Other,115,28,Debit Card
CUST00039,60,Other,969,39,UPI
CUST00643,39,Other,76,25,Net Banking
CUST01414,30,M,69,50,Net Banking
CUST00595,48,Other,1126,13,Amazon Pay
CUST00282,66,F,1578,31,Net Banking
CUST00856,38,Other,1049,50,Amazon Pay
CUST00583,35,M,760,4,Credit Card
CUST01509,54,F,608,3,Cash on Delivery
CUST00954,35,Other,1616,5,Cash on Delivery
CUST00852,55,M,562,39,Credit Card
CUST00127,44,Other,967,33,Credit Card
CUST01155,40,Other,536,17,Net Banking
CUST01339,55,M,1231,38,Cash on Delivery
CUST00944,21,F,508,27,Cash on Delivery
CUST00502,63,M,576,21,UPI
CUST00619,25,M,1599,19,UPI
CUST01610,69,Other,1280,39,Cash on Delivery
CUST01874,55,Other,1133,32,Debit Card
CUST00550,51,M,292,23,Credit Card
CUST01530,29,Other,881,4,Credit Card
CUST00955,33,M,646,28,Net Banking
CUST00472,43,Other,152,26,Cash on Delivery
CUST00377,54,M,660,31,Amazon Pay
CUST00765,56,Other,768,34,UPI
CUST00220,18,F,556,50,Credit Card
CUST01158,28,M,443,29,UPI
CUST01024,32,Other,719,22,Credit Card
CUST01842,69,M,1430,32,Credit Card
CUST01387,39,F,1634,38,Cash on Delivery
CUST01635,44,F,274,10,Amazon Pay
CUST00738,22,F,240,4,UPI
CUST01223,44,M,1411,6,Cash on Delivery
CUST00982,56,F,1107,8,Cash on Delivery
CUST01213,33,F,1193,7,UPI
CUST00518,23,Other,1416,47,Net Banking
CUST00224,42,F,663,50,Net Banking
CUST00913,28,Other,379,30,Credit Card
CUST00639,68,Other,1372,27,Amazon Pay
CUST00047,54,M,412,37,Cash on Delivery
CUST00382,30,M,1809,27,Amazon Pay
CUST01732,64,Other,288,9,Credit Card
CUST01178,25,F,1165,20,Cash on Delivery
CUST00993,58,Other,297,20,Credit Card
CUST00067,31,Other,793,7,Net Banking
CUST01119,70,Other,1533,24,Credit Card
CUST01589,62,Other,622,31,Cash on Delivery
CUST01437,64,F,134,32,Net Banking
CUST00826,24,Other,279,16,Amazon Pay
CUST00447,18,F,955,11,Amazon Pay
CUST00255,65,Other,1377,11,Net Banking
CUST00107,48,M,568,3,Net Banking
CUST00020,67,F,1663,45,Net Banking
CUST00784,42,Other,1739,47,Net Banking
CUST01837,28,M,1169,48,Cash on Delivery
CUST01596,59,Other,1257,16,UPI
CUST01082,29,M,678,38,Cash on Delivery
CUST00442,25,M,110,26,Net Banking
CUST01996,54,F,1080,39,Debit Card
CUST00634,37,Other,1531,2,Cash on Delivery
CUST01580,32,M,834,28,Amazon Pay
CUST01908,27,M,1754,18,Cash on Delivery
CUST01954,19,F,407,42,Amazon Pay
CUST00951,51,M,916,7,Net Banking
CUST01555,47,F,1289,1,Debit Card
CUST01436,65,M,1442,36,Cash on Delivery
CUST01897,65,Other,1416,25,Amazon Pay
CUST00248,31,M,435,42,UPI
CUST00187,48,F,132,38,Net Banking
CUST00249,38,F,464,43,Debit Card
CUST01658,31,F,938,42,Net Banking
CUST00725,54,Other,259,29,Cash on Delivery
CUST00654,18,M,1482,38,Credit Card
CUST01093,61,Other,835,17,UPI
CUST01111,21,Other,515,33,Debit Card
CUST01652,20,F,811,19,Credit Card
CUST01201,66,F,417,28,Amazon Pay
CUST00775,42,Other,1254,23,Debit Card
CUST00718,22,Other,507,49,Cash on Delivery
CUST01616,34,F,1239,34,Amazon Pay
CUST01500,43,Other,1530,32,UPI
CUST00604,70,Other,876,33,Credit Card
CUST01002,36,M,1134,4,UPI
CUST01715,24,M,1587,18,Net Banking
CUST01173,56,F,689,39,Amazon Pay
CUST00259,35,F,131,29,Net Banking
CUST01755,48,Other,669,20,Amazon Pay
CUST01895,40,M,628,2,UPI
CUST00295,69,F,110,7,Cash on Delivery
CUST01992,32,M,1132,39,Net Banking
CUST01682,57,M,1779,19,Cash on Delivery
CUST01444,53,F,687,29,Amazon Pay
CUST00706,25,F,912,31,Credit Card
CUST01052,67,F,51,16,UPI
CUST00941,59,Other,517,14,Cash on Delivery
CUST01312,40,Other,550,15,Credit Card
CUST00606,50,Other,1101,14,Net Banking
CUST00602,36,M,1365,44,UPI
CUST00862,57,M,1157,46,Debit Card
CUST01086,39,F,1146,12,Net Banking
CUST01259,31,F,1779,2,Net Banking
CUST00464,25,M,973,14,Debit Card
CUST00889,69,F,55,42,Debit Card
CUST00253,60,M,1293,32,Credit Card
CUST01121,47,Other,340,5,Debit Card
CUST00579,50,M,1630,8,Amazon Pay
CUST01410,18,F,1793,15,Net Banking
CUST01853,56,Other,894,46,Net Banking
CUST01744,22,F,1691,12,Credit Card
CUST00557,38,M,91,8,Amazon Pay
CUST00372,36,M,1433,44,Credit Card
CUST01443,25,F,1729,29,UPI
CUST01745,55,Other,1076,16,Net Banking
CUST00181,27,F,322,20,Debit Card
CUST01341,68,Other,1527,36,UPI
CUST00200,46,M,1644,40,Credit Card
CUST00937,31,M,1089,9,UPI
CUST01033,32,Other,350,4,Debit Card
CUST01458,31,Other,692,34,Credit Card
CUST01798,66,F,43,10,Debit Card
CUST00418,67,M,1587,22,Amazon Pay
CUST00794,34,M,131,38,Credit Card
CUST00383,57,F,1189,27,Amazon Pay
CUST00082,60,Other,478,23,Net Banking
CUST01611,56,M,389,40,Debit Card
CUST01867,33,F,1135,23,Debit Card
CUST01284,54,M,177,50,Debit Card
CUST00365,41,F,955,3,Net Banking
CUST01549,28,M,1213,32,Credit Card
CUST00971,34,Other,721,17,Credit Card
CUST01101,34,M,77,44,Amazon Pay
CUST01844,37,F,310,17,Net Banking
CUST00567,60,Other,334,9,Debit Card
CUST01826,43,Other,746,39,UPI
CUST01340,50,M,1563,31,Credit Card
CUST01551,26,M,1367,2,Net Banking
CUST00480,21,F,59,45,Net Banking
CUST00772,69,Other,1257,27,Amazon Pay
CUST01028,40,Other,1461,4,Credit Card
CUST01476,27,Other,809,3,Net Banking
CUST01825,44,M,1589,32,Cash on Delivery
CUST00350,33,F,247,25,Amazon Pay
CUST00223,48,F,661,33,UPI
CUST00581,56,M,325,35,Net Banking
CUST00742,36,F,1194,4,Cash on Delivery
CUST00367,39,F,294,39,Credit Card
CUST01484,70,Other,492,27,Net Banking
CUST01260,55,Other,1204,28,UPI
CUST01510,29,F,896,12,UPI
CUST00535,44,Other,1390,16,UPI
CUST01577,22,F,897,16,UPI
CUST00845,58,F,1698,17,Net Banking
CUST00375,33,F,1001,19,Credit Card
CUST01885,65,M,1521,32,Debit Card
CUST00815,27,Other,970,17,UPI
CUST00750,26,F,98,38,Net Banking
CUST01668,21,Other,1808,21,Amazon Pay
CUST01609,21,M,407,10,Credit Card
CUST00740,67,M,416,15,Debit Card
CUST01822,53,Other,695,43,Amazon Pay
CUST00649,20,F,826,20,Debit Card
CUST01491,26,M,1411,45,Debit Card
CUST00213,31,M,1108,35,Amazon Pay
CUST01770,42,F,885,31,Debit Card
CUST01106,62,Other,309,38,Debit Card
CUST01697,36,F,1245,49,Cash on Delivery
CUST00280,50,M,1779,38,Amazon Pay
CUST00381,30,Other,603,49,Cash on Delivery
CUST00761,56,M,1809,4,Amazon Pay
CUST01674,46,M,248,8,Debit Card
CUST00797,55,Other,1696,21,Credit Card
CUST01994,38,F,1651,37,Cash on Delivery
CUST01579,46,M,1462,34,Amazon Pay
CUST01144,55,Other,1142,22,Credit Card
CUST00389,24,M,1586,39,Cash on Delivery
CUST01590,60,Other,260,44,Debit Card
CUST01256,28,F,877,25,Net Banking
CUST00066,24,F,249,7,Amazon Pay
CUST01034,31,F,397,29,UPI
CUST01247,43,Other,1588,37,Cash on Delivery
CUST01061,55,M,1098,35,Amazon Pay
CUST00752,18,M,368,19,Cash on Delivery
CUST01220,19,Other,739,30,Net Banking
CUST01532,27,M,732,31,Cash on Delivery
CUST01542,69,F,1313,34,Credit Card
CUST00817,33,M,715,2,Cash on Delivery
CUST01277,33,M,690,40,Cash on Delivery
CUST01194,32,F,772,43,Cash on Delivery
CUST01771,43,M,672,3,Debit Card
CUST01149,52,Other,136,42,Cash on Delivery
CUST01027,53,F,234,6,Cash on Delivery
CUST00855,42,F,1498,45,Debit Card
CUST00881,30,M,1470,5,Cash on Delivery
CUST01969,61,Other,1797,41,Debit Card
CUST01222,26,Other,1354,38,UPI
CUST00876,55,F,427,48,Net Banking
CUST01063,62,M,1130,23,Amazon Pay
CUST00945,37,M,1659,42,Cash on Delivery
CUST00052,36,M,1325,35,Debit Card
CUST01489,53,M,582,14,Amazon Pay
CUST00592,34,F,593,1,Amazon Pay
CUST00488,64,F,122,7,Amazon Pay
CUST00298,64,F,873,13,Credit Card
CUST01574,53,M,841,19,Net Banking
CUST01080,34,Other,870,12,Credit Card
CUST01899,65,Other,1127,11,Amazon Pay
CUST01638,59,F,242,38,Amazon Pay
CUST00615,37,M,1358,40,Credit Card
CUST01877,21,F,246,22,Net Banking
CUST01170,24,M,592,14,Debit Card
CUST00926,39,Other,1137,4,Debit Card
CUST00390,27,M,341,24,Cash on Delivery
CUST00009,19,F,729,12,Debit Card
CUST01583,21,M,1637,48,Amazon Pay
CUST01932,59,Other,1403,11,Cash on Delivery
CUST00786,51,M,170,6,UPI
CUST01163,45,F,914,27,Amazon Pay
CUST01573,32,M,1227,40,Cash on Delivery
CUST01995,26,F,1038,39,Cash on Delivery
CUST00235,56,F,339,31,Debit Card
CUST00446,43,M,495,44,Cash on Delivery
CUST01471,26,M,1238,48,Cash on Delivery
CUST00482,64,Other,701,15,Amazon Pay
CUST00316,20,Other,1759,36,Amazon Pay
CUST00842,63,M,39,17,Debit Card
CUST00503,31,Other,1418,9,UPI
CUST00723,49,F,1717,38,Amazon Pay
CUST00588,56,F,1811,20,Credit Card
CUST01350,30,Other,859,20,Debit Card
CUST01578,56,F,992,7,Net Banking
CUST00976,19,M,477,5,Credit Card
CUST01065,55,F,50,18,Credit Card
CUST00396,41,Other,142,16,Cash on Delivery
CUST01836,66,Other,272,12,Cash on Delivery
CUST00796,38,M,208,26,UPI
CUST00448,21,F,1054,38,Net Banking
CUST01362,25,Other,1400,50,Amazon Pay
CUST01955,31,F,1332,37,Amazon Pay
CUST01327,69,M,1165,19,UPI
CUST00074,32,F,315,16,Net Banking
CUST00831,64,Other,1469,3,UPI
CUST00130,68,F,541,25,Credit Card
CUST01802,22,Other,1352,6,Amazon Pay
CUST01311,62,M,64,20,Net Banking
CUST00362,42,Other,533,43,UPI
CUST00324,51,Other,627,11,Cash on Delivery
CUST01511,44,M,1054,47,Net Banking
CUST00938,60,F,1650,42,Cash on Delivery
CUST00451,66,F,304,47,UPI
CUST00508,42,F,594,45,Net Banking
CUST01659,49,Other,588,41,Credit Card
CUST00983,53,F,1306,26,UPI
CUST01442,58,Other,1435,25,UPI
CUST00686,48,F,1086,2,Credit Card
CUST00996,59,M,813,43,UPI
CUST01963,56,Other,920,45,Amazon Pay
CUST01216,36,Other,131,6,Credit Card
CUST00304,21,Other,790,24,Amazon Pay
CUST00903,26,Other,511,41,Amazon Pay
CUST00829,41,M,919,14,Amazon Pay
CUST00694,38,M,846,46,Credit Card
CUST01195,54,M,1011,48,Cash on Delivery
CUST01861,69,M,1336,22,Net Banking
CUST00136,61,F,1585,5,Amazon Pay
CUST01686,40,M,98,34,Credit Card
CUST00368,24,F,633,9,Amazon Pay
CUST00556,38,M,1248,46,Credit Card
CUST00210,58,F,686,41,Net Banking
CUST00630,69,F,1282,4,UPI
CUST00961,42,F,220,41,Cash on Delivery
CUST01944,43,Other,679,1,Cash on Delivery
CUST01847,37,M,1557,18,Amazon Pay
CUST00869,29,Other,972,26,Credit Card
CUST00672,18,F,836,19,Credit Card
CUST01924,42,M,1509,48,Amazon Pay
CUST01287,59,F,300,39,UPI
CUST01557,20,F,722,18,UPI
CUST01565,61,F,399,4,Amazon Pay
CUST00657,51,M,1312,2,Cash on Delivery
CUST00720,28,M,1227,31,Cash on Delivery
CUST01348,38,M,810,42,UPI
CUST01415,28,M,48,26,UPI
CUST00589,35,M,578,5,Cash on Delivery
CUST01335,70,M,172,7,Amazon Pay
CUST01182,43,Other,420,35,Net Banking
CUST00841,45,Other,1431,8,Debit Card
CUST01633,36,M,968,14,Amazon Pay
CUST01320,42,Other,846,25,Debit Card
CUST01069,41,Other,103,27,Net Banking
CUST00296,47,Other,1452,39,Amazon Pay
CUST01096,32,Other,184,31,Credit Card
CUST00227,33,F,660,18,Credit Card
CUST00407,51,M,1471,40,Amazon Pay
CUST01584,43,F,725,48,UPI
CUST01688,68,M,628,25,UPI
CUST00022,65,F,1619,30,Debit Card
CUST00471,29,M,1075,11,Net Banking
CUST00254,27,Other,380,15,Amazon Pay
CUST01326,41,Other,1487,50,Amazon Pay
CUST01575,38,M,1618,47,Credit Card
CUST01278,50,M,799,16,Cash on Delivery
CUST00352,49,F,734,29,Debit Card
CUST00230,57,Other,239,50,Credit Card
CUST00239,32,M,1281,19,Amazon Pay
CUST01738,29,M,644,19,Amazon Pay
CUST01821,34,M,142,7,Debit Card
CUST01204,38,F,79,47,Credit Card
CUST00265,61,Other,126,8,Net Banking
CUST01805,29,M,1595,5,Net Banking
CUST00529,52,F,1637,30,Amazon Pay
CUST01687,48,M,1489,12,Net Banking
CUST00545,44,F,1136,21,Debit Card
CUST01933,22,Other,119,34,Debit Card
CUST01849,28,F,1346,36,Amazon Pay
CUST01319,52,F,1176,9,Net Banking
CUST00438,30,F,1207,19,Amazon Pay
CUST00532,43,F,871,5,Amazon Pay
CUST00931,65,Other,1191,42,Debit Card
CUST01983,18,M,868,15,Net Banking
CUST01071,47,Other,1473,25,UPI
CUST01561,28,F,1439,19,UPI
CUST01108,62,M,1041,36,Credit Card
CUST01538,44,M,754,33,Amazon Pay
CUST01766,65,Other,1109,16,Net Banking
CUST01829,25,M,1638,24,Cash on Delivery
CUST00125,42,Other,1301,30,UPI
CUST00172,45,Other,1353,25,Cash on Delivery
CUST01338,27,Other,361,42,Cash on Delivery
CUST00616,61,Other,1611,48,Amazon Pay
CUST00560,35,Other,512,19,UPI
CUST01562,44,Other,1758,32,Credit Card
CUST00911,24,Other,781,25,UPI
CUST00015,21,F,1190,20,Credit Card
CUST00886,56,F,837,36,Credit Card
CUST01214,23,Other,202,48,Cash on Delivery
CUST01186,59,M,1114,1,Amazon Pay
CUST00209,26,M,1670,8,Amazon Pay
CUST00696,18,M,1353,47,Cash on Delivery
CUST00863,50,F,953,42,Debit Card
CUST00597,53,M,341,33,UPI
CUST00450,41,M,579,49,Debit Card
CUST00062,56,Other,1452,27,Credit Card
CUST00935,34,F,823,44,Net Banking
CUST00652,38,M,1617,42,Cash on Delivery
CUST00660,63,F,1207,39,Debit Card
CUST01050,27,F,1485,28,UPI
CUST00736,54,Other,1058,16,Credit Card
CUST00620,45,M,1159,38,Credit Card
CUST00967,43,M,705,42,Cash on Delivery
CUST01733,55,Other,742,41,Credit Card
CUST00462,60,Other,711,37,Amazon Pay
CUST01943,51,Other,1088,32,Debit Card
CUST00055,61,Other,1160,36,UPI
CUST00322,39,M,1205,44,UPI
CUST01324,39,M,770,22,Debit Card
CUST00806,50,Other,1163,23,Amazon Pay
CUST00756,19,Other,593,23,UPI
CUST00813,69,Other,1635,30,Net Banking
CUST00288,63,Other,1111,22,Amazon Pay
CUST00315,20,M,1449,41,Cash on Delivery
CUST00800,50,Other,540,45,Amazon Pay
CUST00030,43,F,1406,27,UPI
CUST01923,41,Other,1656,41,Amazon Pay
CUST01332,24,M,1112,28,Net Banking
CUST00681,43,M,391,36,Net Banking
CUST01514,32,M,782,43,Cash on Delivery
CUST01857,46,M,881,19,Credit Card
CUST00258,53,Other,113,38,Credit Card
CUST00585,67,M,1029,3,Credit Card
CUST01558,61,M,1561,21,Credit Card
CUST00769,37,Other,235,9,UPI
CUST01988,35,M,1501,24,Cash on Delivery
CUST00536,50,M,393,4,Debit Card
CUST01062,36,F,150,7,Debit Card
CUST01200,47,Other,113,42,Credit Card
CUST01909,38,F,685,8,Cash on Delivery
CUST01789,40,M,928,25,Debit Card
CUST01353,47,Other,424,25,Amazon Pay
CUST00714,29,M,81,13,Amazon Pay
CUST00345,44,F,1630,38,UPI
CUST01570,39,Other,286,15,Credit Card
CUST00219,55,Other,1259,17,Amazon Pay
CUST00561,68,F,55,47,Credit Card
CUST00729,35,Other,1533,40,Net Banking
CUST01337,49,M,1552,29,Cash on Delivery
CUST00048,40,M,190,49,Cash on Delivery
CUST00252,61,F,1268,24,Debit Card
CUST00076,47,Other,78,24,Cash on Delivery
CUST00782,19,F,142,32,UPI
CUST01464,59,Other,143,28,UPI
CUST00360,61,F,1132,7,UPI
CUST00833,67,M,386,1,Credit Card
CUST01971,33,M,449,27,Cash on Delivery
CUST00501,69,M,641,21,Amazon Pay
CUST01015,28,Other,1085,9,Amazon Pay
CUST00727,27,Other,299,33,Amazon Pay
CUST00012,60,M,348,20,Net Banking
CUST00244,60,Other,1030,6,Credit Card
CUST00387,28,M,458,39,Credit Card
CUST00835,27,Other,657,50,Cash on Delivery
CUST00575,23,F,697,25,UPI
CUST00883,24,M,1164,18,Net Banking
CUST01929,40,F,1764,34,UPI
CUST01627,46,F,1282,34,Credit Card
CUST00094,35,F,133,35,Cash on Delivery
CUST01095,69,F,1269,7,Debit Card
CUST01673,67,Other,669,4,UPI
CUST01016,21,Other,942,7,Credit Card
CUST00143,25,Other,826,18,Credit Card
CUST00271,19,F,593,43,UPI
CUST01671,68,Other,156,41,Amazon Pay
CUST00291,66,Other,909,15,Cash on Delivery
CUST01830,30,F,95,10,Amazon Pay
CUST01593,35,F,606,47,Amazon Pay
CUST00373,30,M,1107,31,UPI
CUST01091,44,F,1512,29,UPI
CUST00162,61,M,953,26,Net Banking
CUST01453,43,F,430,25,Amazon Pay
CUST00058,42,M,1351,10,Cash on Delivery
CUST00193,27,F,762,39,Cash on Delivery
CUST01563,22,M,156,45,Debit Card
CUST00766,40,Other,800,47,Cash on Delivery
CUST01749,22,F,89,8,UPI
CUST00553,32,F,534,20,Debit Card
CUST01231,56,F,31,6,Net Banking
CUST01298,25,M,1455,5,Net Banking
CUST00719,50,M,1481,28,Credit Card
CUST00032,25,Other,193,17,Cash on Delivery
CUST00264,43,F,856,28,Credit Card
CUST01300,38,Other,1442,18,Cash on Delivery
CUST01308,26,M,1422,6,Debit Card
CUST00801,27,M,1825,7,Cash on Delivery
CUST00369,26,F,153,4,Amazon Pay
CUST01242,31,M,1781,22,UPI
CUST01953,40,Other,950,32,Cash on Delivery
CUST00211,30,F,923,28,Amazon Pay
CUST01162,31,M,504,21,UPI
CUST01657,19,Other,1043,38,Net Banking
CUST01176,24,M,480,17,Credit Card
CUST01211,62,M,894,44,Debit Card
CUST00963,50,Other,1692,19,Amazon Pay
CUST01921,39,Other,1031,32,Amazon Pay
CUST01672,18,F,1651,29,Amazon Pay
CUST01677,24,Other,490,11,Net Banking
CUST01873,69,M,1501,16,Cash on Delivery
CUST00302,50,F,1541,42,Amazon Pay
CUST00726,66,M,341,11,Credit Card
CUST00603,52,M,57,32,Credit Card
CUST00489,42,Other,719,29,Credit Card
CUST01305,21,Other,1614,4,Amazon Pay
CUST01001,21,M,1661,22,Amazon Pay
CUST01005,27,Other,58,6,Cash on Delivery
CUST00888,34,Other,430,7,Net Banking
CUST00515,22,F,1765,27,Credit Card
CUST01911,26,Other,601,35,Net Banking
CUST01400,43,M,1634,47,Cash on Delivery
CUST00284,27,F,1322,19,Credit Card
CUST01961,41,F,338,2,Debit Card
CUST01654,28,M,831,9,UPI
CUST01517,63,F,318,37,Cash on Delivery
CUST01650,49,M,1815,35,Net Banking
CUST01048,34,F,1750,9,Debit Card
CUST00568,53,Other,40,23,Credit Card
CUST00942,21,Other,854,18,Debit Card
CUST00266,59,F,1243,20,UPI
CUST01914,47,F,1540,14,Debit Card
CUST01735,55,Other,268,31,Credit Card
CUST00413,33,Other,245,3,Credit Card
CUST00698,67,Other,1052,22,UPI
CUST01166,51,F,440,25,Credit Card
CUST01919,40,F,778,33,Debit Card
CUST00709,52,F,571,9,Cash on Delivery
CUST00622,67,Other,1707,33,Net Banking
CUST00466,44,M,662,14,Net Banking
CUST01780,57,M,884,34,Credit Card
CUST00625,35,M,1804,44,Debit Card
CUST00837,38,Other,1800,8,Cash on Delivery
CUST00477,44,Other,170,38,Debit Card
CUST00717,38,F,308,34,Cash on Delivery
CUST00218,54,M,141,1,Net Banking
CUST01866,58,M,280,31,Amazon Pay
CUST01522,53,Other,815,14,Net Banking
CUST01552,45,F,1722,12,Credit Card
CUST01935,62,Other,1799,34,Cash on Delivery
CUST00757,32,Other,142,9,UPI
CUST00571,34,M,787,5,Net Banking
CUST01828,51,Other,1427,31,UPI
CUST01380,55,F,1447,36,Credit Card
CUST01793,46,M,1349,23,Amazon Pay
CUST00507,70,M,774,24,Cash on Delivery
CUST00549,41,M,719,17,UPI
CUST00995,35,M,399,12,Cash on Delivery
CUST01947,59,Other,1560,39,Cash on Delivery
CUST01761,19,F,30,17,Cash on Delivery
CUST00152,31,F,332,3,Cash on Delivery
CUST00990,61,Other,1738,35,Credit Card
CUST00758,54,M,1567,20,Net Banking
CUST01072,30,M,920,33,Cash on Delivery
CUST00892,56,Other,1802,40,Cash on Delivery
CUST00260,42,M,1037,49,Cash on Delivery
CUST00728,20,F,1414,42,Credit Card
CUST00906,61,F,866,20,Debit Card
CUST01425,69,Other,564,47,Amazon Pay
CUST00079,37,M,1438,15,Net Banking
CUST01747,44,F,898,49,Amazon Pay
CUST01493,70,Other,1727,46,UPI
CUST01160,54,F,1257,3,UPI
CUST01810,70,F,1788,50,Cash on Delivery
CUST00319,36,F,1517,28,Credit Card
CUST00974,24,F,1485,26,Net Banking
CUST01709,63,Other,1693,23,Amazon Pay
CUST01215,51,F,161,40,Amazon Pay
CUST00185,70,M,203,19,Amazon Pay
CUST01703,62,M,1119,29,UPI
CUST00711,19,F,1476,35,UPI
CUST00433,35,Other,1109,46,Amazon Pay
CUST00335,49,Other,1430,5,Cash on Delivery
CUST00024,69,Other,825,2,Cash on Delivery
CUST01778,18,Other,1016,50,Amazon Pay
CUST00708,23,F,1662,14,Cash on Delivery
CUST00821,20,M,1261,9,Debit Card
CUST01346,60,Other,501,42,Amazon Pay
CUST00432,48,M,106,26,Amazon Pay
CUST01382,20,Other,1808,19,Amazon Pay
CUST00776,60,M,436,3,Cash on Delivery
CUST01845,58,M,945,46,Credit Card
CUST01692,49,F,684,22,Credit Card
CUST01950,28,Other,652,39,Net Banking
CUST01832,32,F,670,32,Cash on Delivery
CUST01787,23,M,1275,24,Amazon Pay
CUST00299,27,M,1531,50,Cash on Delivery
CUST01560,70,Other,208,13,Debit Card
CUST00317,39,M,1439,43,Amazon Pay
CUST00977,54,F,1743,36,Credit Card
CUST00915,60,Other,127,44,Credit Card
CUST01856,54,Other,732,43,Amazon Pay
CUST00980,40,M,807,9,Amazon Pay
CUST01475,65,F,504,30,Credit Card
CUST00542,30,M,758,18,UPI
CUST00656,33,M,260,12,Cash on Delivery
CUST00667,67,Other,245,16,Debit Card
CUST00922,27,M,996,18,Credit Card
CUST00040,68,Other,1707,17,Cash on Delivery
CUST00574,29,F,1090,16,Credit Card
CUST01237,61,Other,845,49,Amazon Pay
CUST01619,53,Other,1496,19,Credit Card
CUST01540,38,Other,1558,34,Debit Card
CUST01783,56,Other,48,13,Net Banking
CUST00334,43,M,1782,50,UPI
CUST01794,66,F,331,31,Debit Card
CUST00126,55,F,57,2,Debit Card
CUST01872,66,F,558,25,Cash on Delivery
CUST01984,31,Other,1134,18,Debit Card
CUST01960,60,M,1353,20,UPI
CUST01817,68,Other,470,14,Credit Card
CUST01343,69,M,502,30,UPI
CUST01979,32,M,1815,35,Cash on Delivery
CUST01639,43,F,1045,45,Amazon Pay
CUST01758,58,Other,1096,21,Credit Card
CUST00001,66,M,1765,30,Net Banking
CUST00802,37,F,642,50,UPI
CUST00422,66,M,1710,5,UPI
CUST00495,66,Other,272,47,UPI
CUST00027,28,M,1497,16,Net Banking
CUST01233,19,Other,392,5,Debit Card
CUST01175,50,M,1469,19,Cash on Delivery
CUST01740,62,Other,1644,16,Amazon Pay
CUST00429,61,M,1463,46,Amazon Pay
CUST00641,18,Other,892,15,UPI
CUST00033,28,Other,37,39,Amazon Pay
CUST01467,53,F,1676,46,Credit Card
CUST00054,67,F,786,39,Cash on Delivery
CUST01717,22,F,1532,40,Amazon Pay
CUST01107,69,Other,379,36,Credit Card
CUST01835,46,M,203,40,Amazon Pay
CUST00441,35,F,529,47,Cash on Delivery
CUST00183,60,M,1136,31,Amazon Pay
CUST01141,32,M,1284,25,Cash on Delivery
CUST00734,70,Other,763,49,Cash on Delivery
CUST01564,68,M,1638,43,UPI
CUST00627,44,F,722,20,Amazon Pay
CUST00097,27,Other,1353,7,UPI
CUST01394,40,Other,273,21,Amazon Pay
CUST00520,57,Other,438,1,Net Banking
CUST00137,25,Other,751,33,Amazon Pay
CUST00893,50,F,139,20,Debit Card
CUST00700,60,F,581,50,Net Banking
CUST01785,21,Other,378,16,Debit Card
CUST01329,64,Other,1538,16,Net Banking
CUST01099,29,F,1810,16,Cash on Delivery
CUST00824,63,M,1090,36,Cash on Delivery
CUST01482,23,M,863,41,Credit Card
CUST00805,70,F,201,11,Credit Card
CUST00370,28,M,1727,37,Cash on Delivery
CUST00648,46,F,1223,33,Debit Card
CUST01803,58,M,1195,43,Amazon Pay
CUST01814,50,M,946,32,UPI
CUST00599,44,Other,452,45,UPI
CUST01003,20,M,879,47,Cash on Delivery
CUST00268,46,F,263,3,Net Banking
CUST00834,42,Other,53,1,Cash on Delivery
CUST01765,70,F,1645,37,Net Banking
CUST00188,36,F,1016,17,Net Banking
CUST01240,38,Other,1398,9,Debit Card
CUST01434,20,F,1503,5,UPI
CUST01203,21,F,990,6,Cash on Delivery
CUST01945,58,Other,881,48,Credit Card
CUST00555,55,F,504,41,UPI
CUST01047,37,M,381,8,Cash on Delivery
CUST00611,31,M,94,9,Debit Card
CUST01217,19,F,1144,2,Debit Card
CUST01809,22,M,843,2,Credit Card
CUST00167,19,M,1746,29,Cash on Delivery
CUST00491,28,F,1366,19,UPI
CUST01045,51,M,1741,12,Amazon Pay
CUST01043,62,Other,1025,43,Credit Card
CUST00026,24,F,104,32,Credit Card
CUST00160,18,M,746,49,Cash on Delivery
CUST01323,43,F,886,8,Debit Card
CUST01883,42,M,335,32,Credit Card
CUST00134,44,F,932,48,Cash on Delivery
CUST01454,67,Other,380,36,Debit Card
CUST01145,24,F,1266,1,Amazon Pay
CUST01548,19,Other,181,5,Debit Card
CUST00865,21,M,918,32,Cash on Delivery
CUST01391,22,M,503,24,Credit Card
CUST00056,55,F,620,43,Debit Card
CUST00142,35,Other,1645,26,Net Banking
CUST00090,57,Other,1502,32,Amazon Pay
CUST00138,68,M,187,15,Cash on Delivery
CUST01352,41,M,369,6,UPI
CUST00023,26,F,1273,1,Credit Card
CUST00979,58,Other,402,9,Amazon Pay
CUST00057,22,Other,1302,23,Amazon Pay
CUST01019,34,M,299,31,UPI
CUST01713,37,F,1232,15,Cash on Delivery
CUST00516,46,F,1506,32,UPI
CUST00932,63,Other,661,1,Net Banking
CUST00021,54,Other,1662,31,Cash on Delivery
CUST00496,67,Other,551,44,Credit Card
CUST01460,61,M,239,13,Net Banking
CUST00781,49,Other,1733,43,Net Banking
CUST00306,23,F,1140,39,Net Banking
CUST01123,55,M,1688,35,Cash on Delivery
CUST01734,24,F,374,14,Cash on Delivery
CUST00002,33,M,1685,33,Amazon Pay
CUST00636,63,F,1744,26,UPI
CUST00025,66,F,1534,17,Net Banking
CUST01490,43,Other,752,25,Debit Card
CUST00846,26,F,1798,19,Credit Card
CUST00849,59,F,1304,31,Credit Card
CUST00689,21,F,1290,13,Amazon Pay
CUST00106,46,Other,758,29,Credit Card
CUST00081,30,Other,64,23,Cash on Delivery
CUST00735,23,F,1564,44,Debit Card
CUST00163,63,M,744,39,Amazon Pay
CUST00840,25,M,1068,12,Net Banking
CUST00798,54,F,1782,44,Net Banking
CUST00191,24,M,1163,33,Credit Card
CUST00891,20,F,106,11,Debit Card
CUST01891,27,M,734,36,Debit Card
CUST01094,40,F,288,2,UPI
CUST00043,27,M,1812,4,Debit Card
CUST00435,56,Other,1314,5,Net Banking
CUST00075,39,F,1762,50,Amazon Pay
CUST00175,59,Other,1124,3,Net Banking
CUST00080,49,Other,827,22,Cash on Delivery
CUST01181,32,Other,1607,16,UPI
CUST01110,34,Other,316,14,UPI
CUST00836,25,M,1026,31,Debit Card
CUST00909,51,F,1218,23,Debit Card
CUST00950,41,Other,1745,28,UPI
CUST00036,43,M,1239,8,Amazon Pay
CUST01529,68,F,1126,14,Net Banking
CUST00197,31,M,611,32,Cash on Delivery
CUST01413,63,M,1188,8,Credit Card
CUST01512,29,Other,252,30,Net Banking
CUST01140,26,F,1710,28,Cash on Delivery
CUST01695,55,F,348,42,Debit Card
CUST00150,30,M,1760,44,Cash on Delivery
CUST01588,45,M,1307,12,Credit Card
CUST00118,31,Other,1371,18,Net Banking
CUST00091,49,M,1232,29,Credit Card
CUST00483,42,Other,1343,9,UPI
CUST01281,34,M,1159,8,Cash on Delivery
CUST01582,63,F,111,37,Net Banking
CUST01122,34,Other,246,31,Net Banking
CUST01427,21,M,525,37,UPI
CUST00755,32,M,754,10,Net Banking
CUST01623,36,M,1144,18,Cash on Delivery
CUST00077,69,M,912,6,Amazon Pay
CUST01651,60,Other,846,15,Debit Card
CUST00444,30,Other,869,25,Cash on Delivery
CUST01815,67,F,1086,24,Cash on Delivery
CUST01202,59,F,826,7,Cash on Delivery
CUST00158,25,Other,1516,48,UPI
CUST01676,46,F,1135,26,Debit Card
CUST00894,38,F,519,44,Cash on Delivery
CUST01626,67,Other,529,50,Net Banking
CUST00523,49,M,1269,11,Cash on Delivery
CUST01347,53,Other,243,12,Amazon Pay
CUST01210,58,Other,896,34,UPI
CUST00031,49,F,1345,38,Amazon Pay
CUST01109,50,F,1326,30,UPI
CUST01230,41,F,82,7,Net Banking
CUST01081,21,Other,435,26,Cash on Delivery
CUST01786,46,M,185,4,Amazon Pay
CUST01890,19,Other,1299,46,UPI
CUST00733,68,Other,1045,35,Net Banking
CUST00778,61,Other,1816,48,Debit Card
CUST00629,28,M,506,23,UPI
CUST01607,45,M,465,20,Cash on Delivery
CUST00149,66,M,233,12,Cash on Delivery
CUST01952,60,Other,175,1,UPI
CUST01834,18,F,381,43,Cash on Delivery
CUST01474,43,Other,459,45,Cash on Delivery
CUST01775,48,F,376,23,Net Banking
CUST00827,61,F,373,49,UPI
CUST00808,62,Other,333,39,Debit Card
CUST00975,50,Other,794,48,Cash on Delivery
CUST00014,40,Other,210,43,Cash on Delivery
CUST00279,63,F,136,32,UPI
CUST01800,66,F,204,45,Debit Card
CUST00991,18,F,1518,47,Net Banking
CUST00109,42,Other,810,25,UPI
CUST01252,54,F,1592,47,Amazon Pay
CUST01556,55,M,1456,8,Debit Card
CUST00276,49,F,846,38,Net Banking
CUST00716,34,M,1758,46,UPI
CUST00933,55,Other,450,11,Amazon Pay
CUST01660,57,Other,390,28,Debit Card
CUST01916,36,F,57,5,Cash on Delivery
CUST00866,58,M,476,20,Credit Card
CUST00512,19,Other,1273,6,UPI
CUST00762,21,M,1164,9,Net Banking
CUST01576,67,Other,884,11,Credit Card
CUST01115,50,M,602,44,UPI
CUST00234,68,M,1412,20,Cash on Delivery
CUST00419,50,M,768,25,UPI
CUST00724,68,Other,1203,32,Credit Card
CUST01547,19,M,1316,18,Debit Card
CUST01681,19,F,38,44,Amazon Pay
CUST01655,38,M,1522,38,Cash on Delivery
CUST01209,27,M,1663,39,Amazon Pay
CUST00994,53,F,291,47,Amazon Pay
CUST01723,24,M,809,26,Net Banking
CUST01497,55,M,983,8,Amazon Pay
CUST01725,40,Other,1230,7,UPI
CUST01147,69,M,410,40,Net Banking
CUST00053,52,M,1320,34,Debit Card
CUST01188,34,M,593,50,UPI
CUST00530,22,M,185,41,Credit Card
CUST01480,68,F,548,20,Amazon Pay
CUST01706,33,M,1707,12,Credit Card
CUST00884,28,Other,40,20,Net Banking
CUST01896,49,Other,1672,3,Net Banking
CUST00822,69,M,37,26,Net Banking
CUST00123,62,Other,154,16,Amazon Pay
CUST01907,53,F,1515,16,Cash on Delivery
CUST00626,46,Other,931,37,Cash on Delivery
CUST01404,50,Other,534,10,Credit Card
CUST00068,30,F,70,28,Credit Card
CUST00537,33,F,392,43,Credit Card
CUST01813,53,Other,669,31,Amazon Pay
CUST01999,61,Other,1682,48,Credit Card
CUST00380,38,M,1292,9,Debit Card
CUST01711,57,F,618,37,UPI
CUST00551,49,M,1335,41,Debit Card
CUST01258,62,F,881,48,Debit Card
CUST00746,59,M,1297,14,Cash on Delivery
CUST01000,28,Other,583,21,Debit Card
CUST00546,62,F,805,14,Amazon Pay
CUST01729,48,M,401,8,Credit Card
CUST00847,49,F,143,38,Amazon Pay
CUST00972,31,M,1614,44,Net Banking
CUST00960,39,Other,535,15,Cash on Delivery
CUST01966,25,Other,566,19,UPI
CUST01167,45,F,1608,28,Credit Card
CUST00981,38,Other,67,37,UPI
CUST01554,26,Other,1479,10,UPI
CUST00182,68,M,1058,42,Net Banking
CUST00947,59,M,838,16,Cash on Delivery
CUST00434,20,Other,1691,14,Amazon Pay
CUST01879,19,Other,1307,21,Net Banking
CUST01357,38,Other,827,31,Credit Card
CUST00006,28,M,1402,31,Credit Card
CUST01142,69,M,1660,39,Cash on Delivery
CUST00343,37,F,1242,27,UPI
CUST01884,30,F,1367,18,Net Banking
CUST00303,19,F,1422,49,Amazon Pay
CUST00617,55,Other,1753,16,UPI
CUST01926,34,M,673,36,Credit Card
CUST00887,62,M,119,34,Debit Card
CUST00928,59,M,464,10,Amazon Pay
CUST01670,25,M,956,26,Credit Card
CUST01494,50,F,136,49,Amazon Pay
CUST01433,50,F,109,8,Amazon Pay
CUST01991,45,Other,863,19,Debit Card
CUST01566,36,Other,1124,4,Amazon Pay
CUST00366,69,Other,1288,44,Cash on Delivery
CUST01089,19,Other,514,49,Cash on Delivery
CUST00470,67,M,1743,2,UPI
CUST00832,25,M,196,21,Credit Card
CUST01965,70,Other,231,4,Net Banking
CUST00580,69,M,1578,1,Credit Card
CUST00331,51,M,1226,32,Net Banking
CUST01543,44,M,608,38,Credit Card
CUST01026,67,Other,1216,8,Debit Card
CUST01760,26,Other,185,21,Cash on Delivery
CUST01161,59,Other,1509,19,Cash on Delivery
CUST01698,63,F,647,16,Debit Card
CUST00332,38,F,961,13,Credit Card
CUST01504,28,Other,1719,9,Cash on Delivery
CUST00511,22,F,1386,11,Debit Card
CUST00096,70,M,1642,23,Cash on Delivery
CUST01506,23,Other,669,48,Credit Card
CUST01756,52,Other,1785,8,Amazon Pay
CUST01418,60,Other,88,10,Amazon Pay
CUST01648,49,Other,746,30,UPI
CUST00875,59,M,1617,6,UPI
CUST01868,69,Other,303,50,Credit Card
CUST00353,24,F,712,28,UPI
CUST00457,61,F,846,19,Debit Card
CUST00763,38,F,114,31,Credit Card
CUST01501,65,F,705,3,Credit Card
CUST01807,64,M,791,34,Net Banking
CUST00704,48,M,768,33,Credit Card
CUST00423,65,Other,1195,45,Cash on Delivery
CUST01977,35,M,1430,36,UPI
CUST01707,44,M,1050,3,Credit Card
CUST01691,53,F,804,24,Credit Card
CUST00064,43,F,1337,47,Debit Card
CUST01956,45,Other,84,7,UPI
CUST00646,38,Other,1681,16,UPI
CUST01986,55,M,829,19,Debit Card
CUST01904,60,M,235,47,Credit Card
CUST01135,54,Other,1322,41,Net Banking
CUST00552,33,M,1152,49,UPI
CUST00670,65,F,331,40,Debit Card
CUST01017,37,M,530,28,Amazon Pay
CUST01820,52,M,1689,26,Credit Card
CUST01269,39,M,496,46,Debit Card
CUST01726,36,M,1559,4,Credit Card
CUST00170,66,M,57,5,Debit Card
CUST00564,53,Other,551,22,Credit Card
CUST00453,50,M,928,32,Debit Card
CUST01179,53,Other,739,37,Debit Card
CUST01164,21,Other,1729,39,Debit Card
CUST01364,38,M,1723,41,Net Banking
CUST01959,64,F,338,19,UPI
CUST01964,32,M,907,10,Amazon Pay
CUST00541,65,M,1504,50,Credit Card
CUST00044,25,F,1589,20,Net Banking
CUST00908,49,F,660,49,Debit Card
CUST01276,32,F,946,24,Net Banking
CUST00139,64,M,663,37,Debit Card
CUST00041,29,Other,145,48,Credit Card
CUST00203,52,Other,327,41,Amazon Pay
CUST00420,19,M,618,28,Amazon Pay
CUST01423,58,M,1299,4,Amazon Pay
CUST00839,65,M,1708,46,Net Banking
CUST01812,20,F,436,39,Net Banking
CUST00655,34,Other,100,29,Net Banking
CUST01157,27,M,1234,10,Amazon Pay
CUST01402,68,Other,1673,12,Cash on Delivery
CUST00120,34,M,472,4,Net Banking
CUST00843,33,M,1055,33,Net Banking
CUST01922,33,M,867,31,Net Banking
CUST01958,69,F,359,8,Credit Card
CUST01274,64,F,1111,7,Net Banking
CUST00171,61,Other,927,4,Net Banking
CUST00970,67,M,1024,9,Cash on Delivery
CUST01239,25,Other,1586,28,Debit Card
CUST01586,39,M,1465,1,Net Banking
CUST01483,50,Other,611,36,Net Banking
CUST00165,47,Other,1112,28,Cash on Delivery
CUST01683,30,F,31,43,Credit Card
CUST00968,51,Other,1158,43,Cash on Delivery
CUST01716,66,F,1197,12,Cash on Delivery
CUST01776,22,M,1020,22,Debit Card
CUST01199,28,M,465,39,Amazon Pay
CUST00504,38,F,1457,13,Net Banking
CUST00405,44,Other,1535,2,Credit Card
CUST01431,24,F,60,50,Amazon Pay
CUST00281,49,M,286,32,Credit Card
CUST00330,20,Other,1456,46,Debit Card
CUST00905,21,M,1764,25,UPI
CUST00201,39,Other,401,19,Credit Card
CUST00854,66,F,1337,4,Amazon Pay
CUST01059,68,Other,68,33,Net Banking
CUST01521,26,F,1042,3,Amazon Pay
CUST00873,34,Other,1323,37,Debit Card
CUST00196,63,Other,481,1,Net Banking
CUST00820,66,M,678,14,Credit Card
CUST00533,22,M,621,30,UPI
CUST00927,37,M,556,16,Credit Card
CUST00618,58,Other,385,25,Credit Card
CUST01591,60,F,378,8,Amazon Pay
CUST00673,38,Other,1320,8,UPI
CUST00395,35,F,215,49,Cash on Delivery
CUST00186,54,M,568,32,Amazon Pay
CUST00406,47,M,771,14,Credit Card
CUST01934,34,M,408,43,Amazon Pay
CUST00247,27,Other,1367,17,UPI
CUST00129,51,F,405,21,Credit Card
CUST01970,26,Other,1269,17,Net Banking
CUST01515,27,F,890,26,Credit Card
CUST00346,19,Other,1505,1,Net Banking
CUST01614,44,M,707,26,Credit Card
CUST00882,32,Other,1606,48,Amazon Pay
CUST01270,31,F,190,18,UPI
CUST00455,21,F,526,28,Credit Card
CUST00042,31,M,483,2,Net Banking
CUST01393,34,F,1255,29,Cash on Delivery
CUST00121,51,M,81,15,Net Banking
CUST01685,61,F,911,20,Debit Card
CUST01846,23,F,244,24,Credit Card
CUST01473,40,M,1204,10,Amazon Pay
CUST00940,41,M,680,46,UPI
CUST01694,66,F,361,25,Cash on Delivery
CUST00473,20,Other,1487,29,Credit Card
CUST00277,58,M,1125,31,Amazon Pay
CUST01721,36,M,626,32,Net Banking
CUST00659,21,F,1697,46,Debit Card
CUST01272,44,M,709,34,Credit Card
CUST01261,60,M,348,14,Debit Card
CUST01006,26,M,912,18,UPI
CUST00403,39,F,1740,40,Cash on Delivery
CUST01011,65,F,957,34,Debit Card
CUST01371,31,M,249,10,Debit Card
CUST01469,39,M,1256,23,Debit Card
CUST00807,35,Other,1703,9,Credit Card
CUST01246,34,Other,1567,22,Credit Card
CUST00206,34,Other,1732,41,Cash on Delivery
CUST00984,58,M,1358,31,UPI
CUST00476,68,Other,87,27,UPI
CUST00100,69,M,1759,3,Cash on Delivery
CUST00102,51,Other,843,18,Debit Card
CUST01421,18,F,1193,28,Cash on Delivery
CUST01159,65,F,323,43,Amazon Pay
CUST00861,50,Other,601,11,Debit Card
CUST01938,18,M,295,9,UPI
CUST00608,41,Other,1666,7,Amazon Pay
CUST01262,65,F,892,10,Net Banking
CUST00730,67,Other,1205,17,UPI
CUST00964,37,F,1619,25,Cash on Delivery
CUST00147,65,Other,770,6,Cash on Delivery
CUST00398,48,F,1558,17,Amazon Pay
CUST00063,40,Other,830,27,Net Banking
CUST00392,48,F,1679,15,Debit Card
CUST00114,35,M,513,34,Amazon Pay
CUST00310,46,F,83,39,Amazon Pay
CUST01295,22,M,1303,30,Net Banking
CUST00092,39,Other,340,46,Credit Card
CUST01328,47,F,1596,9,Net Banking
CUST01456,69,F,1362,27,Amazon Pay
CUST01127,40,Other,751,37,Debit Card
CUST01445,45,F,1160,29,Cash on Delivery
CUST00770,28,Other,210,34,Credit Card
CUST01704,61,F,331,6,Net Banking
CUST01078,19,M,1529,30,Net Banking
CUST00195,43,F,210,3,Credit Card
CUST01791,41,Other,775,9,Net Banking
CUST01739,51,Other,1602,13,Amazon Pay
CUST01892,57,F,110,45,Net Banking
CUST01139,24,M,45,40,Amazon Pay
CUST01225,51,M,1041,40,UPI
CUST01831,31,M,963,34,Net Banking
CUST00385,39,F,1539,11,UPI
CUST00285,48,Other,548,45,UPI
CUST01594,59,Other,1105,14,Credit Card
CUST00394,51,Other,662,10,UPI
CUST01917,22,F,560,43,Credit Card
CUST00497,54,Other,126,38,Amazon Pay
CUST01962,67,M,1714,42,Net Banking
CUST00818,31,F,896,6,Debit Card
CUST00399,67,M,1677,16,Amazon Pay
CUST00506,66,M,1286,41,Amazon Pay
CUST01238,65,M,46,43,Net Banking
CUST00016,48,Other,740,7,UPI
CUST01466,45,M,1586,1,Amazon Pay
CUST00910,46,F,1007,3,Cash on Delivery
CUST00697,56,Other,1375,50,Debit Card
CUST00320,21,F,1185,46,Net Banking
CUST00452,19,Other,319,19,UPI
CUST00212,61,M,1669,8,Credit Card
CUST01669,26,Other,1473,42,Debit Card
CUST00328,53,M,1060,24,Cash on Delivery
CUST01439,69,F,1686,11,Cash on Delivery
CUST01430,38,M,1332,10,Amazon Pay
CUST01291,33,F,872,43,Net Banking
CUST00795,39,F,1255,48,UPI
CUST00722,40,M,239,2,Cash on Delivery
CUST01637,50,M,754,43,UPI
CUST01782,26,Other,1692,32,Net Banking
CUST01396,19,F,777,40,Net Banking
CUST01138,48,F,274,46,Net Banking
CUST00003,20,M,554,43,UPI
CUST00312,55,F,1571,12,Net Banking
CUST00221,25,Other,122,23,Credit Card
CUST01931,59,M,324,28,Cash on Delivery
CUST01841,39,Other,1704,18,Amazon Pay
CUST00347,29,F,1008,32,Cash on Delivery
CUST00256,67,F,365,41,Net Banking
CUST00010,55,F,1105,11,Net Banking
CUST01858,55,Other,1005,26,Net Banking
CUST01581,68,Other,541,20,Cash on Delivery
CUST01083,40,F,1714,48,Cash on Delivery
CUST00688,40,Other,936,37,Debit Card
CUST00632,39,Other,1612,42,UPI
CUST00461,27,M,498,23,UPI
CUST01218,55,M,667,46,Amazon Pay
CUST00610,57,M,421,19,Credit Card
CUST00500,21,F,1568,18,UPI
CUST00065,20,M,1385,3,Net Banking
CUST01980,49,M,1166,25,UPI
CUST00166,35,F,1287,1,Amazon Pay
CUST01229,40,F,643,37,Debit Card
CUST01531,62,Other,268,48,Amazon Pay
CUST01013,19,F,655,37,UPI
CUST00231,58,M,733,24,Credit Card
CUST00773,20,M,108,13,Cash on Delivery
CUST01927,58,F,1448,15,Amazon Pay
CUST00803,59,M,173,20,Credit Card
CUST00864,38,Other,1511,33,Credit Card
CUST01536,20,Other,1405,19,Credit Card
CUST01777,65,M,640,17,Net Banking
CUST01333,34,F,1336,34,Debit Card
CUST00844,30,M,1298,34,Amazon Pay
CUST00242,46,F,900,22,UPI
CUST01838,26,F,1130,24,UPI
CUST01317,66,Other,1790,8,Cash on Delivery
CUST00788,32,Other,503,20,Debit Card
CUST01843,30,Other,1373,22,Cash on Delivery
CUST01054,63,M,1472,6,Credit Card
CUST00456,35,Other,159,4,Credit Card
CUST00946,43,M,1138,11,Amazon Pay
CUST01605,65,M,1129,5,Amazon Pay
CUST00749,63,M,843,13,Cash on Delivery
CUST00144,40,Other,1593,25,Credit Card
CUST01534,28,Other,1337,25,Net Banking
CUST00035,52,M,1631,26,Net Banking
CUST00570,50,M,594,19,Net Banking
CUST00401,31,F,111,30,Credit Card
CUST00388,35,M,1588,1,Credit Card
CUST01528,36,Other,1019,19,Amazon Pay
CUST01250,54,M,854,40,Cash on Delivery
CUST00356,63,F,843,4,Cash on Delivery
CUST00527,64,F,533,43,UPI
CUST00753,32,Other,1679,43,Credit Card
CUST01719,63,Other,71,42,Cash on Delivery
CUST00695,66,Other,1777,25,Cash on Delivery
CUST01598,23,F,906,48,Amazon Pay
CUST00493,31,M,622,38,Amazon Pay
CUST00633,50,F,1577,16,Cash on Delivery
CUST01132,43,Other,1539,35,Net Banking
CUST01023,40,F,1343,16,Net Banking
CUST01009,57,F,1428,27,UPI
CUST01066,54,M,1276,49,Amazon Pay
CUST01067,54,F,1209,31,Amazon Pay
CUST01322,50,M,206,45,UPI
CUST00519,33,Other,275,1,Debit Card
CUST01189,50,Other,109,1,UPI
CUST01675,35,F,1017,10,Credit Card
CUST00267,60,M,1010,18,Amazon Pay
CUST00525,59,F,544,48,Debit Card
CUST00683,28,Other,362,12,Amazon Pay
CUST00071,54,M,1290,50,Amazon Pay
CUST00416,19,F,1764,33,Debit Card
CUST00018,53,F,384,42,Amazon Pay
CUST00155,66,M,1299,3,Debit Card
CUST01724,33,F,1635,27,Net Banking
CUST00965,27,M,1117,30,Debit Card
CUST00262,70,Other,191,2,Cash on Delivery
CUST01007,41,M,142,47,Debit Card
CUST00361,52,M,1545,30,Net Banking
CUST00936,62,F,495,8,Cash on Delivery
CUST00664,30,M,1004,19,Amazon Pay
CUST01647,38,F,1279,36,Net Banking
CUST01827,57,F,383,2,Credit Card
CUST01568,45,M,1607,24,Credit Card
CUST01137,58,F,1720,10,Net Banking
CUST00321,52,Other,1394,1,Cash on Delivery
CUST00988,34,M,1275,12,Debit Card
CUST00028,41,M,1466,19,UPI
CUST01008,32,F,487,34,Debit Card
CUST00621,69,F,1535,48,Credit Card
CUST00635,48,F,1558,4,UPI
CUST01079,51,M,891,12,Debit Card
CUST00008,20,Other,1194,31,Debit Card
CUST00460,56,F,1081,24,UPI
CUST00587,30,M,864,39,Cash on Delivery
CUST00440,19,Other,307,17,UPI
CUST01903,56,M,162,21,Credit Card
CUST01788,30,Other,540,23,UPI
CUST01228,35,F,1123,8,Amazon Pay
CUST01245,52,M,1373,22,Net Banking
CUST01461,27,F,615,3,Debit Card
CUST01039,39,F,1689,35,Cash on Delivery
CUST01097,53,M,547,33,Net Banking
CUST00421,67,Other,262,10,Cash on Delivery
CUST01397,61,F,1145,2,Net Banking
CUST01057,38,F,1291,38,Amazon Pay
CUST01887,47,M,871,13,Credit Card
CUST00912,51,M,1717,6,UPI
CUST01376,19,M,258,24,Credit Card
CUST01602,57,Other,713,10,Cash on Delivery
CUST00790,36,Other,1163,39,UPI
CUST00676,38,M,1801,11,Net Banking
CUST00391,45,F,1407,26,Amazon Pay
CUST00179,45,F,69,40,Cash on Delivery
CUST00287,39,Other,1282,36,UPI
CUST01871,40,M,339,41,Net Banking
CUST01781,64,Other,1419,44,Net Banking
CUST00105,20,F,810,10,Credit Card
CUST00539,25,M,1584,23,Amazon Pay
CUST01823,41,Other,196,42,Credit Card
CUST00885,47,M,300,34,Debit Card
CUST01184,43,M,1635,6,Debit Card
CUST01325,61,F,1418,19,Debit Card
CUST01014,23,M,162,38,Net Banking
CUST00292,69,Other,888,3,Amazon Pay
CUST01628,24,F,1585,38,UPI
CUST01559,31,M,352,29,Net Banking
CUST01488,41,F,1053,39,UPI
CUST00598,63,F,457,6,Amazon Pay
CUST00777,67,M,427,50,Cash on Delivery
CUST00318,25,Other,1201,12,Cash on Delivery
CUST00705,24,M,38,9,Amazon Pay
CUST00857,41,Other,1317,13,Amazon Pay
CUST00159,41,M,1553,35,Credit Card
CUST01288,44,F,422,46,Amazon Pay
CUST01372,53,F,828,17,UPI
CUST00384,55,F,1813,25,Net Banking
CUST00490,31,M,1594,6,Credit Card
CUST01154,40,F,226,7,Cash on Delivery
CUST00594,47,Other,1055,24,Debit Card
CUST01120,57,F,895,17,Debit Card
CUST00558,58,F,1658,37,Credit Card
CUST00930,24,Other,1690,34,Amazon Pay
CUST01730,45,M,911,1,Debit Card
CUST01601,58,Other,1252,42,Amazon Pay
CUST00202,20,F,396,40,Net Banking
CUST00985,48,M,233,5,Amazon Pay
CUST01448,27,Other,1259,42,UPI
CUST01038,29,F,1824,29,UPI
CUST01129,49,F,1063,42,UPI
CUST01399,57,F,569,49,Debit Card
CUST01349,24,Other,285,15,UPI
CUST00156,19,M,238,49,Cash on Delivery
CUST00436,47,Other,1636,17,Net Banking
CUST01296,32,M,1040,16,Amazon Pay
CUST01997,67,Other,1512,5,Cash on Delivery
CUST00810,26,F,1635,19,Net Banking
CUST00301,52,Other,716,26,Amazon Pay
CUST00819,30,M,509,9,Credit Card
CUST01070,33,F,291,21,Debit Card
CUST02000,30,F,1087,36,Cash on Delivery
CUST01612,65,M,1627,6,Credit Card
CUST00307,27,M,1239,32,Debit Card
CUST00677,55,Other,1220,6,Cash on Delivery
CUST01505,53,Other,1675,36,Credit Card
CUST01455,44,Other,719,36,Amazon Pay
CUST01629,25,M,1567,7,Net Banking
CUST01190,46,F,139,15,Amazon Pay
CUST01297,31,M,854,19,Net Banking
CUST00540,48,Other,1329,3,UPI
CUST01905,60,M,1679,35,Cash on Delivery
CUST00400,33,Other,606,39,Credit Card
CUST01193,18,F,1635,28,Cash on Delivery
CUST00323,43,Other,811,44,Net Banking
CUST00591,58,M,914,32,Debit Card
CUST01862,19,F,1756,17,Debit Card
CUST01029,44,M,293,47,Debit Card
CUST01661,30,Other,586,49,Cash on Delivery
CUST01134,22,Other,583,32,Amazon Pay
CUST00426,23,M,463,10,Net Banking
CUST01751,68,F,416,4,Credit Card
CUST00274,53,F,1060,9,Cash on Delivery
CUST01185,47,F,567,49,Net Banking
CUST00690,31,Other,490,47,Credit Card
CUST00148,33,Other,60,41,Credit Card
CUST01077,44,M,230,42,Credit Card
CUST01392,65,F,1180,6,Cash on Delivery
CUST01076,68,Other,980,15,Credit Card
CUST00414,65,F,1354,9,Cash on Delivery
CUST01684,48,M,1319,7,Debit Card
CUST01768,18,F,758,10,Debit Card
CUST01226,22,F,734,6,Cash on Delivery
CUST01646,19,Other,1492,50,Cash on Delivery
CUST00050,33,M,1352,42,Credit Card
CUST00424,26,F,1278,47,Amazon Pay
CUST00061,56,F,1784,22,Credit Card
CUST01146,68,F,1681,15,Debit Card
CUST00638,39,Other,631,32,Credit Card
CUST00637,21,M,738,33,Amazon Pay
CUST00958,65,Other,1100,5,Net Banking
CUST01374,29,Other,973,5,UPI
CUST00578,44,F,1238,35,Debit Card
CUST00830,59,M,165,38,UPI
CUST01177,34,Other,1035,41,Cash on Delivery
CUST01192,45,M,406,11,Cash on Delivery
CUST00397,52,M,186,4,Debit Card
CUST00780,22,F,1335,42,Amazon Pay
CUST00275,66,M,682,44,Debit Card
CUST00721,42,M,979,9,Credit Card
CUST00939,43,F,1569,14,Net Banking
CUST01516,23,F,1679,32,Cash on Delivery
CUST00674,53,M,1494,48,UPI
CUST00349,25,Other,1775,1,Amazon Pay
CUST01114,50,Other,735,36,Debit Card
CUST01708,48,M,233,49,Debit Card
CUST00789,53,F,879,30,UPI
CUST00997,25,Other,1720,48,UPI
CUST01750,28,F,874,47,Net Banking
CUST01526,64,M,289,39,Cash on Delivery
CUST01860,42,Other,765,11,UPI
CUST01851,66,F,151,24,Amazon Pay
CUST00774,18,F,1596,31,Amazon Pay
CUST01533,60,F,1818,32,UPI
CUST01351,33,F,244,7,Debit Card
CUST00289,42,F,717,27,Cash on Delivery
CUST01388,18,M,116,15,Cash on Delivery
CUST01477,41,Other,929,26,Amazon Pay
CUST01092,27,Other,615,50,Amazon Pay
CUST01795,39,F,1811,20,Debit Card
CUST00741,65,F,1525,30,Amazon Pay
CUST00825,28,M,69,6,Net Banking
CUST00045,69,Other,491,20,Credit Card
CUST00779,51,M,1323,48,Debit Card
CUST00554,57,Other,1079,30,Amazon Pay
CUST01850,67,F,554,17,Cash on Delivery
CUST01951,58,Other,130,8,Net Banking
CUST00505,51,F,990,33,Cash on Delivery
CUST01487,22,M,380,38,Net Banking
CUST00474,26,M,936,26,Debit Card
CUST00348,21,Other,1267,12,UPI
CUST01263,42,Other,912,19,Cash on Delivery
CUST01032,54,F,508,9,Amazon Pay
CUST00879,54,F,1221,34,Debit Card
CUST00514,46,Other,1460,2,Amazon Pay
CUST00860,64,Other,1734,24,UPI
CUST00145,53,Other,827,7,UPI
CUST00342,37,Other,312,39,Net Banking
CUST00072,40,M,222,47,UPI
CUST00703,40,F,1361,26,Credit Card
CUST00710,59,Other,510,29,Amazon Pay
CUST00290,32,M,248,46,Credit Card
CUST00897,44,M,94,37,UPI
CUST00877,65,Other,876,45,Credit Card
CUST01307,35,F,327,14,Net Banking
CUST00682,39,Other,1245,42,Amazon Pay
CUST00095,18,Other,1050,30,Net Banking
CUST00804,26,Other,615,13,UPI
CUST01855,43,F,374,30,UPI
CUST01667,40,M,1047,22,Credit Card
CUST00992,60,F,1126,42,UPI
CUST00233,30,Other,872,35,Debit Card
CUST01084,49,Other,549,43,Amazon Pay
CUST01074,63,F,59,22,Cash on Delivery
CUST00173,58,Other,762,43,Credit Card
CUST00487,29,F,123,38,Debit Card
CUST01429,46,F,879,36,Net Banking
CUST00799,54,M,1804,1,Credit Card
CUST00339,21,Other,393,37,Net Banking
CUST01585,67,M,1642,20,Credit Card
CUST00859,51,Other,1741,30,Debit Card
CUST00099,43,F,1219,32,Cash on Delivery
CUST01292,63,M,195,36,Net Banking
CUST01022,30,M,604,50,Debit Card
CUST00513,19,F,399,24,Amazon Pay
CUST00868,58,Other,1269,20,Amazon Pay
CUST01886,64,F,138,50,Credit Card
CUST01712,53,M,1584,45,Credit Card
CUST00989,24,Other,452,5,Amazon Pay
CUST01714,55,M,725,3,Net Banking
CUST01314,64,Other,475,25,Cash on Delivery
CUST00417,43,Other,938,37,Cash on Delivery
CUST00850,44,Other,857,10,Debit Card
CUST00848,59,M,1372,37,Debit Card
CUST01592,57,F,223,48,UPI
CUST01187,18,M,1269,43,Debit Card
CUST00812,64,M,1586,25,UPI
CUST01207,58,F,536,31,UPI
CUST00924,45,Other,258,47,Debit Card
CUST01136,19,F,1530,25,Cash on Delivery
CUST01665,60,Other,1526,20,UPI
CUST00364,21,M,1049,20,UPI
CUST00986,54,Other,1073,46,Debit Card
CUST01742,36,Other,48,8,Debit Card
CUST00521,35,M,1597,34,Amazon Pay
CUST00744,65,F,1575,1,Debit Card
CUST01722,25,M,1291,47,Amazon Pay
CUST00524,52,M,1306,15,UPI
CUST00987,48,F,1158,16,Amazon Pay
CUST01920,37,F,227,24,UPI
CUST00445,68,Other,834,20,Debit Card
CUST00386,28,M,1589,33,UPI
CUST01377,45,M,55,34,Amazon Pay
CUST01762,25,Other,848,47,UPI
CUST01649,22,Other,1119,41,Amazon Pay
CUST01125,63,Other,1115,31,Net Banking
CUST00934,40,Other,107,37,Amazon Pay
CUST01293,26,Other,369,9,Net Banking
CUST00593,36,F,1558,47,UPI
CUST01056,63,M,940,47,Net Banking
CUST01198,19,M,1137,10,Debit Card
CUST01208,51,Other,136,19,UPI
CUST01748,56,F,1321,8,Credit Card
CUST00671,20,Other,409,41,Debit Card
CUST00019,44,F,1679,9,Net Banking
CUST01603,27,Other,1340,43,Credit Card
CUST01336,69,Other,328,6,Credit Card
CUST01248,51,F,549,19,UPI
CUST01645,29,Other,737,18,Cash on Delivery
CUST00662,67,F,1819,22,UPI
CUST00486,33,F,1310,48,Cash on Delivery
CUST01496,31,Other,217,49,Cash on Delivery
CUST01031,31,Other,756,37,Credit Card
CUST01406,20,M,289,42,Debit Card
CUST00338,64,F,71,6,Amazon Pay
CUST00069,57,F,327,27,UPI
CUST01133,22,Other,372,50,Cash on Delivery
CUST01763,52,F,1323,38,Debit Card
CUST01156,49,F,547,15,Cash on Delivery
CUST01495,34,Other,1085,46,Credit Card
CUST00809,56,F,1185,25,Net Banking
CUST00184,40,Other,1198,7,Credit Card
CUST01569,20,Other,423,8,Cash on Delivery
CUST00007,59,M,1197,2,Amazon Pay
CUST01799,38,M,404,22,Debit Card
CUST01196,50,Other,811,10,Credit Card
CUST00216,26,M,326,11,Amazon Pay
CUST01774,21,F,70,48,Amazon Pay
CUST00650,38,F,259,13,Cash on Delivery
CUST00653,40,M,1568,7,Net Banking
CUST01113,28,M,1223,21,Net Banking
CUST01359,18,M,913,19,UPI
CUST01816,21,F,397,46,UPI
CUST01508,27,Other,1354,33,Debit Card
CUST00691,52,Other,1481,28,Credit Card
CUST00569,26,F,1558,13,UPI
CUST00073,48,F,1113,5,UPI
CUST01513,43,M,420,2,Amazon Pay
CUST00205,31,Other,1255,18,Net Banking
CUST01088,64,Other,1228,12,Net Banking
CUST00978,31,F,1039,49,UPI
CUST01972,23,M,994,28,Cash on Delivery
CUST00732,32,M,154,2,Amazon Pay
CUST01452,40,Other,1558,17,Credit Card
CUST00124,46,F,1598,35,Net Banking
CUST00286,63,Other,283,39,Cash on Delivery
CUST00427,53,F,1546,44,UPI
CUST00110,56,F,1581,22,Cash on Delivery
CUST01020,55,F,703,12,Amazon Pay
CUST01524,49,F,165,21,Credit Card
CUST01640,25,F,1708,12,Net Banking
CUST00478,23,Other,945,16,Credit Card
CUST01898,20,F,505,34,Amazon Pay
CUST01848,32,Other,776,47,Credit Card
CUST01656,36,Other,504,37,Cash on Delivery
CUST00566,57,Other,1712,45,Net Banking
CUST00240,39,M,980,9,Debit Card
CUST01151,25,F,445,27,Net Banking
CUST01420,18,F,806,1,Cash on Delivery
CUST01587,20,Other,561,24,UPI
CUST01720,28,F,1008,41,Net Banking
CUST01105,23,Other,114,34,Credit Card
CUST00684,21,Other,933,10,Debit Card
CUST00178,55,F,654,18,Cash on Delivery
CUST01304,32,Other,1035,48,Net Banking
CUST00308,30,M,726,21,Amazon Pay
CUST01257,28,Other,1796,2,Cash on Delivery
CUST00631,43,Other,840,37,UPI
CUST01928,39,Other,880,46,Net Banking
CUST00880,33,Other,1579,41,Net Banking
CUST01486,24,M,815,7,Debit Card
CUST01941,21,M,803,19,Amazon Pay
CUST01037,49,F,1350,9,UPI
CUST01249,69,F,1021,50,Net Banking
CUST00153,28,F,115,17,Cash on Delivery
CUST01465,64,F,1143,42,Credit Card
CUST01268,43,Other,1555,50,Cash on Delivery
CUST01541,31,F,378,46,Amazon Pay
CUST01662,19,F,433,18,UPI
CUST00613,35,Other,1645,20,Debit Card
CUST00584,44,M,391,8,Cash on Delivery
CUST01100,21,F,1696,7,Cash on Delivery
CUST01663,28,M,101,5,UPI
CUST01280,69,F,1406,20,Credit Card
CUST01386,62,F,1007,50,UPI
CUST01118,39,Other,330,29,Credit Card
CUST01900,42,Other,214,47,UPI
CUST01840,46,Other,173,11,Cash on Delivery
CUST01087,66,F,669,18,Credit Card
CUST00956,47,M,843,27,UPI
CUST01737,64,Other,1448,13,Net Banking
CUST00192,55,Other,706,24,UPI
CUST00038,21,Other,699,12,UPI
CUST01804,64,M,391,49,Credit Card
CUST01869,31,M,1702,5,Amazon Pay
CUST00517,67,Other,1733,29,Cash on Delivery
CUST00783,35,M,606,8,Cash on Delivery
CUST00214,22,M,408,41,UPI
CUST01604,19,M,1285,47,Net Banking
CUST01492,57,M,240,22,Amazon Pay
CUST01407,69,F,366,3,Net Banking
CUST01527,57,F,1323,13,Credit Card
CUST01634,32,Other,371,41,Net Banking
CUST00743,27,Other,1076,2,Net Banking
CUST01102,44,F,374,43,UPI
CUST00111,59,M,1624,12,Credit Card
CUST00590,56,F,1192,29,UPI
CUST01363,33,M,1404,13,Net Banking
CUST00526,38,M,1691,23,Net Banking
CUST01315,60,F,1024,21,Cash on Delivery
CUST01025,47,F,521,29,Credit Card
CUST01169,43,Other,1714,5,Cash on Delivery
CUST01285,24,F,1030,15,Debit Card
CUST01073,27,M,1689,46,Credit Card
CUST01126,44,Other,793,33,Debit Card
CUST00241,23,M,1128,26,Amazon Pay
CUST01678,46,F,250,17,Net Banking
CUST01806,57,F,956,10,UPI
CUST01282,67,F,1008,7,UPI
CUST01520,56,M,46,38,Debit Card
CUST01571,30,M,396,20,Credit Card
CUST00437,43,Other,390,7,Debit Card
CUST00425,49,F,445,47,Amazon Pay
CUST00534,53,M,38,8,Credit Card
CUST01852,33,F,1061,10,Net Banking
CUST01479,23,M,1623,25,Amazon Pay
CUST00528,55,M,759,32,Credit Card
CUST00624,61,Other,1817,37,Net Banking
CUST00576,28,M,1426,43,Debit Card
CUST01968,49,F,149,33,UPI
CUST00140,27,F,857,45,UPI
CUST01608,55,F,1131,43,Debit Card
CUST00715,55,Other,924,43,Debit Card
CUST01180,47,M,274,3,Cash on Delivery
CUST01470,37,M,758,8,UPI
CUST00393,51,M,905,32,Amazon Pay
CUST00161,43,F,76,2,Credit Card
CUST01426,49,F,894,45,Credit Card
CUST01035,68,Other,178,15,Cash on Delivery
CUST00702,29,F,173,24,Cash on Delivery
CUST00787,65,M,544,38,Credit Card
CUST00263,44,M,1733,14,Amazon Pay
CUST01316,38,F,1590,43,Credit Card
CUST00701,67,F,1507,46,Debit Card
CUST00600,18,M,1700,38,Net Banking
CUST01620,19,M,185,37,Debit Card
CUST01267,69,M,767,41,Net Banking
CUST01987,50,Other,743,50,Net Banking
CUST01244,30,F,1432,37,Cash on Delivery
CUST00269,30,Other,1461,16,Amazon Pay
CUST00180,46,M,620,9,Amazon Pay
CUST01412,23,M,348,42,Cash on Delivery
CUST01174,68,Other,1706,2,Credit Card
CUST00559,51,M,483,45,UPI
CUST00760,42,F,994,27,Cash on Delivery
CUST00243,57,F,1447,38,UPI
CUST01818,48,F,1102,33,UPI
CUST01068,51,M,1717,6,UPI
CUST01942,23,M,417,28,Cash on Delivery
CUST00325,37,F,1334,49,Amazon Pay
CUST00538,56,Other,1302,43,UPI
CUST00358,53,F,1206,42,UPI
CUST01367,63,M,804,50,Net Banking
CUST00245,29,M,1162,46,Credit Card
CUST00565,20,Other,77,3,Cash on Delivery
CUST00430,59,M,893,15,Cash on Delivery
CUST00918,56,Other,1455,6,Cash on Delivery
CUST01468,22,Other,824,22,Net Banking
CUST00199,51,Other,1555,5,Debit Card
CUST01498,53,Other,1740,42,Amazon Pay
CUST00086,64,M,1239,7,UPI
CUST00089,19,Other,1563,4,Debit Card
CUST00577,33,Other,117,12,UPI
CUST01772,69,F,1439,30,Net Banking
CUST01653,48,Other,640,16,Debit Card
CUST00793,59,F,54,39,Net Banking
CUST00999,22,M,936,8,UPI
CUST00226,26,Other,717,34,Amazon Pay
CUST01796,62,M,1781,17,Cash on Delivery
CUST01767,33,Other,603,32,UPI
CUST00300,50,M,373,35,Credit Card
CUST00294,22,M,501,26,Cash on Delivery
CUST01743,38,Other,243,38,Amazon Pay
CUST00376,22,Other,818,7,Debit Card
CUST00101,56,Other,1571,32,Net Banking
CUST00828,60,M,264,37,UPI
CUST01344,30,M,1025,5,UPI
CUST00131,63,M,561,48,Amazon Pay
CUST01882,33,M,1006,39,Credit Card
CUST00642,39,M,1067,21,Net Banking
CUST00198,41,Other,1201,16,Credit Card
CUST01219,20,Other,1375,23,Cash on Delivery
CUST01878,40,Other,367,43,Net Banking
CUST00607,66,F,1204,10,Cash on Delivery
CUST01597,45,Other,584,50,Debit Card
CUST00232,46,Other,968,17,Net Banking
CUST01165,45,F,889,26,Net Banking
CUST00078,48,M,214,22,UPI
CUST01718,20,Other,1022,45,Amazon Pay
CUST01440,39,M,1431,46,Credit Card
CUST01049,46,Other,1319,9,Amazon Pay
CUST00687,68,M,103,12,Cash on Delivery
CUST00712,61,Other,1065,26,UPI
CUST01411,66,Other,696,46,UPI
CUST00612,21,F,667,50,Cash on Delivery
CUST00973,21,F,364,29,Debit Card
CUST00098,60,Other,1773,16,UPI
CUST00764,33,Other,308,39,Debit Card
CUST01998,68,Other,1304,43,Credit Card
CUST00904,50,F,499,19,Credit Card
CUST01949,68,M,235,8,Cash on Delivery
CUST00907,31,Other,1078,27,Cash on Delivery
CUST00596,24,F,543,5,Amazon Pay
CUST00083,32,Other,329,37,UPI
CUST01040,33,M,879,5,UPI
CUST01251,47,Other,881,1,Credit Card
CUST01636,35,F,776,3,Amazon Pay
CUST00217,50,F,1260,23,UPI
CUST01236,57,M,1743,30,Credit Card
CUST01518,26,F,1082,17,Amazon Pay
CUST01736,67,M,690,47,Cash on Delivery
CUST01773,41,M,426,17,UPI
CUST00017,29,Other,1633,23,Credit Card
CUST00351,56,M,312,32,Amazon Pay
CUST01279,61,M,266,43,Credit Card
CUST01366,50,Other,1281,47,Cash on Delivery
CUST01759,67,F,1184,43,Amazon Pay
CUST00059,20,Other,987,30,UPI
CUST01235,57,Other,1063,48,UPI
CUST01450,42,M,1307,29,UPI
CUST00917,56,F,1111,35,Cash on Delivery
CUST00174,29,M,576,4,Amazon Pay
CUST01690,50,Other,1254,3,Debit Card
CUST00731,29,F,1233,26,Net Banking
CUST01090,66,Other,1501,15,Amazon Pay
CUST00874,33,Other,792,47,Net Banking
CUST01365,42,F,1163,2,Credit Card
CUST01864,49,Other,1791,43,Amazon Pay
CUST01381,40,F,1808,18,Net Banking
CUST01880,36,F,116,47,Net Banking
CUST00645,54,Other,1224,8,Credit Card
CUST00404,38,F,748,21,Debit Card
CUST00411,51,Other,781,38,Debit Card
CUST01241,19,F,768,32,Cash on Delivery
CUST01148,20,F,1107,5,Debit Card
CUST01438,24,M,506,30,UPI
CUST00246,46,Other,639,7,Debit Card
CUST01422,46,M,1620,6,Cash on Delivery
CUST00168,34,F,92,7,Credit Card
CUST00215,44,M,1672,48,Debit Card
CUST00601,22,M,803,48,Credit Card
CUST01680,59,M,563,31,Credit Card
CUST00544,52,F,582,28,Cash on Delivery
CUST01294,61,M,271,33,Net Banking
CUST01152,22,Other,790,24,Cash on Delivery
CUST00838,54,F,38,39,Amazon Pay
CUST01405,70,F,1222,34,Net Banking
CUST00605,42,M,1408,44,Net Banking
CUST01356,31,Other,407,45,Cash on Delivery
CUST00998,44,M,1631,17,Credit Card
CUST00468,22,F,1300,34,UPI
CUST01746,43,F,1047,50,Amazon Pay
CUST00305,33,F,850,35,Amazon Pay
CUST01502,64,Other,335,5,Cash on Delivery
CUST01481,45,Other,471,3,Cash on Delivery
CUST00337,54,Other,321,20,Debit Card
CUST00119,22,F,1655,24,UPI
CUST00562,35,Other,1520,33,Net Banking
CUST01191,47,Other,1554,36,Cash on Delivery
CUST00060,57,M,231,25,UPI
CUST01271,61,M,1467,31,UPI
CUST01116,37,M,340,49,Net Banking
CUST01769,33,F,540,36,Cash on Delivery
CUST00238,29,Other,959,50,Credit Card
CUST01112,18,M,1262,32,Debit Card
CUST00916,28,Other,231,14,Credit Card
CUST01206,40,M,39,38,Amazon Pay
CUST00113,36,Other,525,39,Net Banking
CUST01289,57,M,252,43,Debit Card
CUST01318,33,Other,524,4,Cash on Delivery
CUST01545,32,F,284,33,UPI
CUST01424,31,Other,271,26,Debit Card
CUST00609,52,M,1161,50,Debit Card
CUST01893,30,M,1437,43,Credit Card
CUST01622,28,M,343,50,Debit Card
CUST01624,21,M,1277,43,Amazon Pay
CUST00675,23,F,220,47,Net Banking
CUST01503,54,Other,1796,30,Amazon Pay
CUST00359,60,M,1112,47,UPI
CUST00853,40,F,804,29,Debit Card
CUST00208,52,Other,1197,27,Cash on Delivery
CUST01373,49,Other,417,1,Amazon Pay
CUST00509,48,F,1610,37,Debit Card
CUST00921,29,F,1216,47,Cash on Delivery
CUST00573,50,Other,108,25,Net Banking
CUST01290,43,M,1175,27,Cash on Delivery
CUST01731,60,Other,1448,6,Credit Card
CUST01535,27,M,1262,9,Credit Card
CUST00194,64,Other,392,27,Amazon Pay
CUST00293,60,F,1712,48,UPI
CUST01975,40,M,742,50,Net Banking
CUST01913,51,Other,1533,49,Cash on Delivery
CUST01679,21,M,231,31,UPI
CUST01409,46,Other,1647,28,Amazon Pay
CUST00668,20,Other,919,44,Cash on Delivery
CUST00858,68,M,1777,29,UPI
CUST01792,47,Other,718,11,Net Banking
CUST01044,61,Other,94,15,Debit Card
CUST01358,61,Other,1715,45,Credit Card
CUST01036,59,Other,1252,46,Credit Card
CUST00582,45,Other,1081,46,Credit Card
CUST01075,47,M,169,13,Cash on Delivery
CUST00957,51,F,920,3,Credit Card
CUST01702,38,Other,909,39,Net Banking
CUST01243,44,F,363,39,Credit Card
CUST00751,54,F,1185,2,Debit Card
CUST00878,30,M,690,32,Debit Card
CUST01255,58,M,887,22,Net Banking
CUST01863,59,F,607,50,Debit Card
CUST00896,64,M,767,18,Net Banking
CUST00415,19,F,523,18,Net Banking
CUST00251,41,M,1091,35,Debit Card
CUST01801,51,F,1645,10,UPI
CUST00225,57,Other,1802,27,UPI
CUST01974,58,M,236,48,Debit Card
CUST01990,20,F,1202,24,Debit Card
CUST00046,52,M,1152,21,Credit Card
CUST01130,33,F,1239,23,Amazon Pay
CUST01117,43,Other,1705,48,Amazon Pay
CUST01171,48,F,31,21,Net Banking
CUST01936,38,Other,1713,37,Debit Card
CUST01051,66,Other,155,49,Amazon Pay
CUST00458,39,F,947,50,Credit Card
CUST00034,34,M,1213,49,Net Banking
CUST01599,55,M,332,48,Cash on Delivery
CUST00355,56,Other,1736,22,Debit Card
CUST00084,42,Other,1665,16,Debit Card
CUST00341,27,Other,1137,47,Credit Card
CUST01299,30,Other,30,23,Credit Card
CUST01811,30,M,1505,41,Amazon Pay
CUST00651,22,F,538,5,Cash on Delivery
CUST00309,66,F,777,20,UPI
CUST00531,64,M,834,24,UPI
CUST01752,49,M,277,21,UPI
CUST01334,21,M,1445,14,Credit Card
CUST00966,41,F,1594,23,UPI
CUST00004,67,F,1010,30,Debit Card
CUST01523,49,M,1167,2,UPI
CUST00327,64,F,1585,11,Debit Card
CUST01644,56,M,873,3,Cash on Delivery
CUST01390,31,F,570,38,Debit Card
CUST00329,52,M,1185,27,Amazon Pay
CUST00311,69,M,1778,1,Debit Card
CUST00614,47,F,499,25,Cash on Delivery
CUST01613,18,F,1147,13,Net Banking
CUST00949,50,Other,1582,48,Debit Card
CUST01485,24,F,144,4,Cash on Delivery
CUST00439,30,F,608,47,Credit Card
CUST00739,58,Other,273,50,Net Banking
CUST00250,20,M,993,20,Debit Card
CUST01060,25,Other,444,9,Debit Card
CUST00771,29,M,1778,8,UPI
CUST01378,23,F,739,20,Net Banking
CUST00499,28,M,618,7,Cash on Delivery
CUST01435,67,Other,1034,29,Cash on Delivery
CUST01696,40,M,919,9,Net Banking
CUST01264,45,F,1382,44,Debit Card
CUST01012,38,F,769,20,UPI
CUST00678,20,Other,1010,10,Amazon Pay
CUST01664,19,F,1400,20,Credit Card
CUST01432,39,Other,1414,16,Net Banking
CUST00685,66,M,1339,3,Credit Card
CUST01875,48,F,648,30,UPI
CUST00895,62,Other,1602,33,Debit Card
CUST00463,36,M,788,6,Net Banking
CUST00157,60,F,630,19,Cash on Delivery
CUST01666,25,F,1705,6,Amazon Pay
CUST00164,19,F,150,26,UPI
CUST01306,28,M,1297,4,Cash on Delivery
CUST01021,65,M,111,49,Credit Card
CUST01550,22,M,308,17,Cash on Delivery
CUST00890,46,F,1557,18,Debit Card
CUST00811,30,F,267,33,Debit Card
CUST01808,22,Other,73,25,Amazon Pay
CUST00467,62,Other,85,36,Net Banking
CUST01369,59,F,774,30,Debit Card
CUST01303,23,M,991,35,UPI
CUST00679,45,M,658,42,Debit Card
CUST00479,44,M,49,20,Net Banking
CUST00402,59,Other,1134,6,UPI
CUST01630,26,M,640,23,Cash on Delivery
CUST01153,64,Other,202,16,Credit Card
CUST00283,46,F,798,11,Amazon Pay
CUST01254,20,Other,517,28,Amazon Pay
CUST01419,61,Other,1348,42,Credit Card
CUST01600,51,M,1276,6,UPI
CUST01124,34,F,1376,38,Net Banking
CUST00108,56,F,707,34,Cash on Delivery
CUST01699,26,F,1745,43,UPI
CUST00737,39,Other,483,20,Debit Card
CUST00871,47,Other,515,47,Net Banking
CUST00177,54,Other,1453,13,UPI
CUST01705,39,F,291,7,Debit Card
CUST01939,61,F,1521,3,Amazon Pay
CUST00747,21,Other,1107,21,Amazon Pay
CUST00340,69,M,1037,13,Debit Card
CUST01839,65,F,1241,28,Amazon Pay
CUST01993,50,F,756,16,Debit Card
CUST01330,22,Other,1742,1,UPI
CUST00135,53,Other,1281,6,Net Banking
CUST01525,61,F,194,38,Amazon Pay
CUST01918,68,M,1171,4,Debit Card
CUST01417,44,M,1552,25,Cash on Delivery
CUST01499,61,M,1367,28,Amazon Pay
CUST01819,36,Other,1171,18,Amazon Pay
CUST00644,21,F,587,37,Amazon Pay
CUST01606,62,Other,1694,21,Amazon Pay
CUST00070,47,F,1553,13,Credit Card
CUST01865,66,F,136,40,Net Banking
CUST00969,42,Other,921,48,Net Banking
CUST00154,31,M,1417,39,Net Banking
CUST01058,51,M,729,26,Credit Card
CUST01779,22,Other,122,43,Credit Card
CUST00087,58,F,315,28,Debit Card
CUST01085,36,F,1367,1,Cash on Delivery
CUST00920,68,M,1204,39,Net Banking
CUST00122,45,Other,311,34,UPI
CUST01625,28,Other,750,18,Amazon Pay
CUST01693,39,F,1479,13,UPI
CUST00379,64,M,58,15,Net Banking
CUST00132,31,F,1166,43,Cash on Delivery
CUST00768,63,F,299,5,UPI
CUST01385,38,F,1739,3,Amazon Pay
CUST01447,68,Other,1616,13,Debit Card
CUST00336,26,Other,1504,33,UPI
CUST01741,51,F,886,27,Cash on Delivery
CUST00313,24,F,1774,43,UPI
CUST00112,48,M,1653,32,Cash on Delivery
CUST00465,19,F,474,2,Cash on Delivery
CUST00459,37,Other,909,23,Debit Card
CUST01757,36,F,1452,40,Credit Card
CUST00872,66,F,771,24,Debit Card
CUST01978,39,F,1049,19,Credit Card
CUST01710,48,Other,645,38,UPI
CUST00005,39,Other,552,48,Credit Card
CUST01010,25,M,795,26,Net Banking
CUST01168,25,M,1359,46,Debit Card
CUST00666,56,Other,1032,30,Cash on Delivery
CUST00628,50,F,1279,3,Debit Card
CUST00133,65,M,1266,37,Credit Card
CUST00902,24,M,1335,29,Amazon Pay
CUST01728,62,M,116,24,Credit Card
CUST00870,63,Other,864,44,Debit Card
CUST01395,47,F,455,17,Credit Card
CUST01384,45,Other,1057,44,UPI
CUST01383,32,Other,420,5,Cash on Delivery
CUST00326,67,M,1421,6,UPI
CUST01727,64,F,1680,25,Net Banking
CUST00115,23,M,505,6,Credit Card
CUST00748,54,M,446,31,Net Banking
CUST01689,53,M,1665,10,Net Banking
CUST01197,31,Other,48,35,Credit Card
CUST01224,33,F,817,20,Debit Card
CUST00914,70,F,1154,4,Debit Card
CUST00851,41,Other,1721,13,Cash on Delivery
CUST00169,28,M,658,39,Amazon Pay
CUST01753,27,M,266,37,Amazon Pay
CUST01876,63,Other,746,4,Debit Card
CUST01973,20,Other,1704,44,Amazon Pay
CUST01764,32,Other,1352,4,Debit Card
CUST00923,18,F,1490,23,Amazon Pay
CUST00661,70,M,1254,17,Net Banking
CUST01131,23,Other,243,49,UPI
CUST00410,31,F,160,19,Net Banking
CUST01283,62,Other,970,26,Debit Card
CUST01881,37,M,349,49,UPI
CUST00640,57,F,1789,7,Cash on Delivery
CUST01894,65,Other,213,40,Debit Card
CUST01957,55,F,1670,48,Credit Card
CUST00925,69,M,1282,14,Cash on Delivery
CUST00494,46,Other,974,43,Debit Card
CUST00449,47,F,448,12,UPI
CUST01925,50,F,953,48,Amazon Pay
CUST00669,36,Other,566,15,Debit Card
CUST01462,33,F,1270,38,Amazon Pay
CUST01615,37,F,154,9,Cash on Delivery
CUST00189,68,Other,180,36,Credit Card
CUST00272,36,Other,574,39,Cash on Delivery
CUST01544,24,F,1067,36,Credit Card
CUST00475,28,M,1552,8,Debit Card
CUST01859,56,M,209,5,Cash on Delivery
CUST00374,21,M,1101,18,Net Banking
CUST00116,60,Other,865,5,Net Banking
CUST01053,58,Other,466,23,Credit Card
CUST01041,34,Other,198,40,Debit Card
CUST00943,57,F,1485,23,Debit Card
CUST00085,65,Other,174,35,Amazon Pay
CUST01446,45,Other,1708,8,Credit Card
CUST01361,27,M,659,44,Amazon Pay
CUST00823,55,M,1000,37,Amazon Pay
CUST00547,67,Other,1322,3,Net Banking
CUST01546,67,M,1728,37,Net Banking
CUST01018,18,F,485,9,Debit Card
CUST00037,27,F,866,29,UPI
CUST01902,56,M,1767,4,Net Banking
CUST01539,63,M,1090,43,UPI
CUST01232,26,F,122,50,Debit Card
CUST00680,32,M,1671,49,Amazon Pay
CUST01172,23,F,1184,45,Amazon Pay
CUST00357,43,F,425,12,Cash on Delivery
CUST01401,56,F,1775,36,Net Banking
CUST01253,35,F,334,11,Cash on Delivery
CUST00270,56,F,239,34,Net Banking
CUST01321,47,Other,90,33,Credit Card
CUST00699,40,Other,491,30,Net Banking
CUST01128,20,F,1153,9,Amazon Pay
CUST01331,45,F,1733,12,Cash on Delivery
CUST00408,50,F,969,6,Debit Card
CUST01618,33,M,1400,42,Credit Card
CUST00207,59,F,461,44,Debit Card
CUST00104,41,M,1692,19,Credit Card
CUST01754,56,Other,1464,44,Debit Card
CUST00261,18,Other,1697,26,Net Banking
CUST00901,69,M,1325,36,Credit Card
CUST00959,56,F,623,24,Debit Card
CUST00454,64,M,480,6,Cash on Delivery
CUST01567,37,F,803,43,Debit Card
CUST01553,55,Other,1818,44,Cash on Delivery
CUST00011,47,Other,82,34,Amazon Pay
CUST00929,25,Other,1395,13,Debit Card
CUST00297,23,Other,1350,26,Amazon Pay
CUST01379,55,M,960,45,Debit Card
CUST01375,55,Other,248,39,UPI
CUST00237,35,M,126,45,Cash on Delivery
CUST00899,40,Other,1197,48,UPI
CUST01301,19,F,485,46,UPI
CUST00428,30,M,88,36,Net Banking
CUST01641,44,Other,1784,12,Cash on Delivery
CUST01901,19,Other,862,16,Credit Card
CUST00693,58,F,1210,47,Debit Card
CUST00443,26,F,205,50,Cash on Delivery
CUST01398,26,F,986,2,Cash on Delivery
CUST01824,68,F,973,45,Debit Card
CUST00572,32,F,1730,30,Credit Card
CUST01004,41,F,594,32,Credit Card
CUST01889,62,F,450,16,UPI
CUST01098,70,Other,1366,31,Amazon Pay
CUST01345,21,Other,549,16,Debit Card
CUST01967,35,F,965,34,Net Banking
CUST00278,20,Other,1044,40,UPI
CUST00088,50,Other,1274,44,Cash on Delivery
CUST00962,42,M,699,26,Net Banking
CUST01416,36,F,360,37,Amazon Pay
